TIME;SENDER_ID;COUNTER;REQUEST_ID;RESULT;REQUEST_UUID;DESTINATION;PERIOD_TIMESCALE;PERIOD_VALUE;LIFETIME_TIME_SCALE;LIFETIME_VALUE;ACTION;SENSOR_ACTUATOR_TYPE;DATA_TYPE;SYNTHETIC_DATA;THRESHOLD_NUMBER;SENSOR_IF_THRESHOLD;THRESHOLD_TYPE;THRESHOLD_VALUE;SENSOR_TYPE_MORE_THRESHOLD;
Wed Jul 31 16:25:11 CEST 2013;101;0;1;59;c8faea51-1419-4cfc-8390-e05c61e1ab4c;101;0;60;1;60;0;ELECTRICITY;0;1;0;0;
Wed Jul 31 16:26:11 CEST 2013;101;1;1;35;c8faea51-1419-4cfc-8390-e05c61e1ab4c;101;0;60;1;60;0;ELECTRICITY;0;1;0;0;
Wed Jul 31 16:27:11 CEST 2013;101;2;1;36;c8faea51-1419-4cfc-8390-e05c61e1ab4c;101;0;60;1;60;0;ELECTRICITY;0;1;0;0;
Wed Jul 31 16:27:54 CEST 2013;39;0;2;28;61f0b5c5-2baf-44b6-bf5d-d001de661057;39;1;1;1;60;0;TEMPERATURE;0;1;0;0;
Wed Jul 31 16:28:09 CEST 2013;39;1;3;573;d2840962-3668-411a-91ef-7072b4069b1f;39;1;1;1;60;0;LIGHT;0;1;0;0;
Wed Jul 31 16:28:11 CEST 2013;101;3;1;37;c8faea51-1419-4cfc-8390-e05c61e1ab4c;101;0;60;1;60;0;ELECTRICITY;0;1;0;0;
Wed Jul 31 16:28:54 CEST 2013;39;2;2;28;61f0b5c5-2baf-44b6-bf5d-d001de661057;39;1;1;1;60;0;TEMPERATURE;0;1;0;0;
Wed Jul 31 16:28:56 CEST 2013;39;3;4;997;38b218cc-5c6d-484b-82e5-531a6a6e77f1;39;1;1;1;60;0;HUMIDITY;0;1;0;0;
Wed Jul 31 16:29:08 CEST 2013;39;4;3;794;d2840962-3668-411a-91ef-7072b4069b1f;39;1;1;1;60;0;LIGHT;0;1;0;0;
Wed Jul 31 16:29:11 CEST 2013;101;4;1;35;c8faea51-1419-4cfc-8390-e05c61e1ab4c;101;0;60;1;60;0;ELECTRICITY;0;1;0;0;
Wed Jul 31 16:29:54 CEST 2013;39;5;2;28;61f0b5c5-2baf-44b6-bf5d-d001de661057;39;1;1;1;60;0;TEMPERATURE;0;1;0;0;
Wed Jul 31 16:29:56 CEST 2013;39;6;4;998;38b218cc-5c6d-484b-82e5-531a6a6e77f1;39;1;1;1;60;0;HUMIDITY;0;1;0;0;
Wed Jul 31 16:30:09 CEST 2013;39;7;3;698;d2840962-3668-411a-91ef-7072b4069b1f;39;1;1;1;60;0;LIGHT;0;1;0;0;
Wed Jul 31 16:30:11 CEST 2013;101;5;1;37;c8faea51-1419-4cfc-8390-e05c61e1ab4c;101;0;60;1;60;0;ELECTRICITY;0;1;0;0;
Wed Jul 31 16:30:54 CEST 2013;39;8;2;28;61f0b5c5-2baf-44b6-bf5d-d001de661057;39;1;1;1;60;0;TEMPERATURE;0;1;0;0;
Wed Jul 31 16:30:56 CEST 2013;39;9;4;997;38b218cc-5c6d-484b-82e5-531a6a6e77f1;39;1;1;1;60;0;HUMIDITY;0;1;0;0;
Wed Jul 31 16:31:09 CEST 2013;39;10;3;470;d2840962-3668-411a-91ef-7072b4069b1f;39;1;1;1;60;0;LIGHT;0;1;0;0;
Wed Jul 31 16:31:11 CEST 2013;101;6;1;36;c8faea51-1419-4cfc-8390-e05c61e1ab4c;101;0;60;1;60;0;ELECTRICITY;0;1;0;0;
Wed Jul 31 16:31:54 CEST 2013;39;11;2;28;61f0b5c5-2baf-44b6-bf5d-d001de661057;39;1;1;1;60;0;TEMPERATURE;0;1;0;0;
Wed Jul 31 16:31:56 CEST 2013;39;12;4;995;38b218cc-5c6d-484b-82e5-531a6a6e77f1;39;1;1;1;60;0;HUMIDITY;0;1;0;0;
Wed Jul 31 16:32:08 CEST 2013;39;13;3;426;d2840962-3668-411a-91ef-7072b4069b1f;39;1;1;1;60;0;LIGHT;0;1;0;0;
Wed Jul 31 16:32:11 CEST 2013;101;7;1;36;c8faea51-1419-4cfc-8390-e05c61e1ab4c;101;0;60;1;60;0;ELECTRICITY;0;1;0;0;
Wed Jul 31 16:32:54 CEST 2013;39;14;2;28;61f0b5c5-2baf-44b6-bf5d-d001de661057;39;1;1;1;60;0;TEMPERATURE;0;1;0;0;
Wed Jul 31 16:32:56 CEST 2013;39;15;4;997;38b218cc-5c6d-484b-82e5-531a6a6e77f1;39;1;1;1;60;0;HUMIDITY;0;1;0;0;
Wed Jul 31 16:33:09 CEST 2013;39;16;3;396;d2840962-3668-411a-91ef-7072b4069b1f;39;1;1;1;60;0;LIGHT;0;1;0;0;
Wed Jul 31 16:33:11 CEST 2013;101;8;1;37;c8faea51-1419-4cfc-8390-e05c61e1ab4c;101;0;60;1;60;0;ELECTRICITY;0;1;0;0;
Wed Jul 31 16:33:54 CEST 2013;39;17;2;28;61f0b5c5-2baf-44b6-bf5d-d001de661057;39;1;1;1;60;0;TEMPERATURE;0;1;0;0;
Wed Jul 31 16:33:56 CEST 2013;39;18;4;996;38b218cc-5c6d-484b-82e5-531a6a6e77f1;39;1;1;1;60;0;HUMIDITY;0;1;0;0;
Wed Jul 31 16:34:08 CEST 2013;39;19;3;401;d2840962-3668-411a-91ef-7072b4069b1f;39;1;1;1;60;0;LIGHT;0;1;0;0;
Wed Jul 31 16:34:11 CEST 2013;101;9;1;35;c8faea51-1419-4cfc-8390-e05c61e1ab4c;101;0;60;1;60;0;ELECTRICITY;0;1;0;0;
Wed Jul 31 16:34:54 CEST 2013;39;20;2;28;61f0b5c5-2baf-44b6-bf5d-d001de661057;39;1;1;1;60;0;TEMPERATURE;0;1;0;0;
Wed Jul 31 16:34:56 CEST 2013;39;21;4;995;38b218cc-5c6d-484b-82e5-531a6a6e77f1;39;1;1;1;60;0;HUMIDITY;0;1;0;0;
Wed Jul 31 16:35:08 CEST 2013;39;22;3;384;d2840962-3668-411a-91ef-7072b4069b1f;39;1;1;1;60;0;LIGHT;0;1;0;0;
Wed Jul 31 16:35:11 CEST 2013;101;10;1;35;c8faea51-1419-4cfc-8390-e05c61e1ab4c;101;0;60;1;60;0;ELECTRICITY;0;1;0;0;
Wed Jul 31 16:35:54 CEST 2013;39;23;2;28;61f0b5c5-2baf-44b6-bf5d-d001de661057;39;1;1;1;60;0;TEMPERATURE;0;1;0;0;
Wed Jul 31 16:35:56 CEST 2013;39;24;4;999;38b218cc-5c6d-484b-82e5-531a6a6e77f1;39;1;1;1;60;0;HUMIDITY;0;1;0;0;
Wed Jul 31 16:36:08 CEST 2013;39;25;3;371;d2840962-3668-411a-91ef-7072b4069b1f;39;1;1;1;60;0;LIGHT;0;1;0;0;
Wed Jul 31 16:36:11 CEST 2013;101;11;1;34;c8faea51-1419-4cfc-8390-e05c61e1ab4c;101;0;60;1;60;0;ELECTRICITY;0;1;0;0;
Wed Jul 31 16:36:54 CEST 2013;39;26;2;28;61f0b5c5-2baf-44b6-bf5d-d001de661057;39;1;1;1;60;0;TEMPERATURE;0;1;0;0;
Wed Jul 31 16:36:56 CEST 2013;39;27;4;995;38b218cc-5c6d-484b-82e5-531a6a6e77f1;39;1;1;1;60;0;HUMIDITY;0;1;0;0;
Wed Jul 31 16:37:08 CEST 2013;39;28;3;363;d2840962-3668-411a-91ef-7072b4069b1f;39;1;1;1;60;0;LIGHT;0;1;0;0;
Wed Jul 31 16:37:11 CEST 2013;101;12;1;36;c8faea51-1419-4cfc-8390-e05c61e1ab4c;101;0;60;1;60;0;ELECTRICITY;0;1;0;0;
Wed Jul 31 16:37:54 CEST 2013;39;29;2;28;61f0b5c5-2baf-44b6-bf5d-d001de661057;39;1;1;1;60;0;TEMPERATURE;0;1;0;0;
Wed Jul 31 16:37:56 CEST 2013;39;30;4;993;38b218cc-5c6d-484b-82e5-531a6a6e77f1;39;1;1;1;60;0;HUMIDITY;0;1;0;0;
Wed Jul 31 16:38:08 CEST 2013;39;31;3;362;d2840962-3668-411a-91ef-7072b4069b1f;39;1;1;1;60;0;LIGHT;0;1;0;0;
Wed Jul 31 16:38:11 CEST 2013;101;13;1;37;c8faea51-1419-4cfc-8390-e05c61e1ab4c;101;0;60;1;60;0;ELECTRICITY;0;1;0;0;
Wed Jul 31 16:38:54 CEST 2013;39;32;2;28;61f0b5c5-2baf-44b6-bf5d-d001de661057;39;1;1;1;60;0;TEMPERATURE;0;1;0;0;
Wed Jul 31 16:38:56 CEST 2013;39;33;4;992;38b218cc-5c6d-484b-82e5-531a6a6e77f1;39;1;1;1;60;0;HUMIDITY;0;1;0;0;
Wed Jul 31 16:39:08 CEST 2013;39;34;3;372;d2840962-3668-411a-91ef-7072b4069b1f;39;1;1;1;60;0;LIGHT;0;1;0;0;
Wed Jul 31 16:39:11 CEST 2013;101;14;1;37;c8faea51-1419-4cfc-8390-e05c61e1ab4c;101;0;60;1;60;0;ELECTRICITY;0;1;0;0;
Wed Jul 31 16:39:54 CEST 2013;39;35;2;28;61f0b5c5-2baf-44b6-bf5d-d001de661057;39;1;1;1;60;0;TEMPERATURE;0;1;0;0;
Wed Jul 31 16:39:56 CEST 2013;39;36;4;993;38b218cc-5c6d-484b-82e5-531a6a6e77f1;39;1;1;1;60;0;HUMIDITY;0;1;0;0;
Wed Jul 31 16:40:08 CEST 2013;39;37;3;392;d2840962-3668-411a-91ef-7072b4069b1f;39;1;1;1;60;0;LIGHT;0;1;0;0;
Wed Jul 31 16:40:11 CEST 2013;101;15;1;35;c8faea51-1419-4cfc-8390-e05c61e1ab4c;101;0;60;1;60;0;ELECTRICITY;0;1;0;0;
Wed Jul 31 16:40:54 CEST 2013;39;38;2;28;61f0b5c5-2baf-44b6-bf5d-d001de661057;39;1;1;1;60;0;TEMPERATURE;0;1;0;0;
Wed Jul 31 16:40:56 CEST 2013;39;39;4;992;38b218cc-5c6d-484b-82e5-531a6a6e77f1;39;1;1;1;60;0;HUMIDITY;0;1;0;0;
Wed Jul 31 16:41:08 CEST 2013;39;40;3;788;d2840962-3668-411a-91ef-7072b4069b1f;39;1;1;1;60;0;LIGHT;0;1;0;0;
Wed Jul 31 16:41:11 CEST 2013;101;16;1;37;c8faea51-1419-4cfc-8390-e05c61e1ab4c;101;0;60;1;60;0;ELECTRICITY;0;1;0;0;
Wed Jul 31 16:41:54 CEST 2013;39;41;2;28;61f0b5c5-2baf-44b6-bf5d-d001de661057;39;1;1;1;60;0;TEMPERATURE;0;1;0;0;
Wed Jul 31 16:41:56 CEST 2013;39;42;4;986;38b218cc-5c6d-484b-82e5-531a6a6e77f1;39;1;1;1;60;0;HUMIDITY;0;1;0;0;
Wed Jul 31 16:42:08 CEST 2013;39;43;3;790;d2840962-3668-411a-91ef-7072b4069b1f;39;1;1;1;60;0;LIGHT;0;1;0;0;
Wed Jul 31 16:42:11 CEST 2013;101;17;1;34;c8faea51-1419-4cfc-8390-e05c61e1ab4c;101;0;60;1;60;0;ELECTRICITY;0;1;0;0;
Wed Jul 31 16:42:54 CEST 2013;39;44;2;28;61f0b5c5-2baf-44b6-bf5d-d001de661057;39;1;1;1;60;0;TEMPERATURE;0;1;0;0;
Wed Jul 31 16:42:56 CEST 2013;39;45;4;981;38b218cc-5c6d-484b-82e5-531a6a6e77f1;39;1;1;1;60;0;HUMIDITY;0;1;0;0;
Wed Jul 31 16:43:08 CEST 2013;39;46;3;620;d2840962-3668-411a-91ef-7072b4069b1f;39;1;1;1;60;0;LIGHT;0;1;0;0;
Wed Jul 31 16:43:11 CEST 2013;101;18;1;34;c8faea51-1419-4cfc-8390-e05c61e1ab4c;101;0;60;1;60;0;ELECTRICITY;0;1;0;0;
Wed Jul 31 16:43:54 CEST 2013;39;47;2;28;61f0b5c5-2baf-44b6-bf5d-d001de661057;39;1;1;1;60;0;TEMPERATURE;0;1;0;0;
Wed Jul 31 16:43:56 CEST 2013;39;48;4;987;38b218cc-5c6d-484b-82e5-531a6a6e77f1;39;1;1;1;60;0;HUMIDITY;0;1;0;0;
Wed Jul 31 16:44:08 CEST 2013;39;49;3;645;d2840962-3668-411a-91ef-7072b4069b1f;39;1;1;1;60;0;LIGHT;0;1;0;0;
Wed Jul 31 16:44:11 CEST 2013;101;19;1;34;c8faea51-1419-4cfc-8390-e05c61e1ab4c;101;0;60;1;60;0;ELECTRICITY;0;1;0;0;
Wed Jul 31 16:44:54 CEST 2013;39;50;2;28;61f0b5c5-2baf-44b6-bf5d-d001de661057;39;1;1;1;60;0;TEMPERATURE;0;1;0;0;
Wed Jul 31 16:44:56 CEST 2013;39;51;4;986;38b218cc-5c6d-484b-82e5-531a6a6e77f1;39;1;1;1;60;0;HUMIDITY;0;1;0;0;
Wed Jul 31 16:45:08 CEST 2013;39;52;3;719;d2840962-3668-411a-91ef-7072b4069b1f;39;1;1;1;60;0;LIGHT;0;1;0;0;
Wed Jul 31 16:45:11 CEST 2013;101;20;1;34;c8faea51-1419-4cfc-8390-e05c61e1ab4c;101;0;60;1;60;0;ELECTRICITY;0;1;0;0;
Wed Jul 31 16:45:54 CEST 2013;39;53;2;28;61f0b5c5-2baf-44b6-bf5d-d001de661057;39;1;1;1;60;0;TEMPERATURE;0;1;0;0;
Wed Jul 31 16:45:56 CEST 2013;39;54;4;988;38b218cc-5c6d-484b-82e5-531a6a6e77f1;39;1;1;1;60;0;HUMIDITY;0;1;0;0;
Wed Jul 31 16:46:08 CEST 2013;39;55;3;765;d2840962-3668-411a-91ef-7072b4069b1f;39;1;1;1;60;0;LIGHT;0;1;0;0;
Wed Jul 31 16:46:11 CEST 2013;101;21;1;34;c8faea51-1419-4cfc-8390-e05c61e1ab4c;101;0;60;1;60;0;ELECTRICITY;0;1;0;0;
Wed Jul 31 16:46:54 CEST 2013;39;56;2;28;61f0b5c5-2baf-44b6-bf5d-d001de661057;39;1;1;1;60;0;TEMPERATURE;0;1;0;0;
Wed Jul 31 16:46:56 CEST 2013;39;57;4;989;38b218cc-5c6d-484b-82e5-531a6a6e77f1;39;1;1;1;60;0;HUMIDITY;0;1;0;0;
Wed Jul 31 16:47:08 CEST 2013;39;58;3;769;d2840962-3668-411a-91ef-7072b4069b1f;39;1;1;1;60;0;LIGHT;0;1;0;0;
Wed Jul 31 16:47:11 CEST 2013;101;22;1;35;c8faea51-1419-4cfc-8390-e05c61e1ab4c;101;0;60;1;60;0;ELECTRICITY;0;1;0;0;
Wed Jul 31 16:47:54 CEST 2013;39;59;2;28;61f0b5c5-2baf-44b6-bf5d-d001de661057;39;1;1;1;60;0;TEMPERATURE;0;1;0;0;
Wed Jul 31 16:47:56 CEST 2013;39;60;4;983;38b218cc-5c6d-484b-82e5-531a6a6e77f1;39;1;1;1;60;0;HUMIDITY;0;1;0;0;
Wed Jul 31 16:48:08 CEST 2013;39;61;3;789;d2840962-3668-411a-91ef-7072b4069b1f;39;1;1;1;60;0;LIGHT;0;1;0;0;
Wed Jul 31 16:48:11 CEST 2013;101;23;1;35;c8faea51-1419-4cfc-8390-e05c61e1ab4c;101;0;60;1;60;0;ELECTRICITY;0;1;0;0;
Wed Jul 31 16:48:54 CEST 2013;39;62;2;29;61f0b5c5-2baf-44b6-bf5d-d001de661057;39;1;1;1;60;0;TEMPERATURE;0;1;0;0;
Wed Jul 31 16:48:56 CEST 2013;39;63;4;977;38b218cc-5c6d-484b-82e5-531a6a6e77f1;39;1;1;1;60;0;HUMIDITY;0;1;0;0;
Wed Jul 31 16:49:08 CEST 2013;39;64;3;790;d2840962-3668-411a-91ef-7072b4069b1f;39;1;1;1;60;0;LIGHT;0;1;0;0;
Wed Jul 31 16:49:11 CEST 2013;101;24;1;34;c8faea51-1419-4cfc-8390-e05c61e1ab4c;101;0;60;1;60;0;ELECTRICITY;0;1;0;0;
Wed Jul 31 16:49:54 CEST 2013;39;65;2;29;61f0b5c5-2baf-44b6-bf5d-d001de661057;39;1;1;1;60;0;TEMPERATURE;0;1;0;0;
Wed Jul 31 16:49:56 CEST 2013;39;66;4;976;38b218cc-5c6d-484b-82e5-531a6a6e77f1;39;1;1;1;60;0;HUMIDITY;0;1;0;0;
Wed Jul 31 16:50:08 CEST 2013;39;67;3;767;d2840962-3668-411a-91ef-7072b4069b1f;39;1;1;1;60;0;LIGHT;0;1;0;0;
Wed Jul 31 16:50:11 CEST 2013;101;25;1;34;c8faea51-1419-4cfc-8390-e05c61e1ab4c;101;0;60;1;60;0;ELECTRICITY;0;1;0;0;
Wed Jul 31 16:50:54 CEST 2013;39;68;2;29;61f0b5c5-2baf-44b6-bf5d-d001de661057;39;1;1;1;60;0;TEMPERATURE;0;1;0;0;
Wed Jul 31 16:50:56 CEST 2013;39;69;4;977;38b218cc-5c6d-484b-82e5-531a6a6e77f1;39;1;1;1;60;0;HUMIDITY;0;1;0;0;
Wed Jul 31 16:51:08 CEST 2013;39;70;3;639;d2840962-3668-411a-91ef-7072b4069b1f;39;1;1;1;60;0;LIGHT;0;1;0;0;
Wed Jul 31 16:51:11 CEST 2013;101;26;1;34;c8faea51-1419-4cfc-8390-e05c61e1ab4c;101;0;60;1;60;0;ELECTRICITY;0;1;0;0;
Wed Jul 31 16:51:54 CEST 2013;39;71;2;29;61f0b5c5-2baf-44b6-bf5d-d001de661057;39;1;1;1;60;0;TEMPERATURE;0;1;0;0;
Wed Jul 31 16:51:56 CEST 2013;39;72;4;978;38b218cc-5c6d-484b-82e5-531a6a6e77f1;39;1;1;1;60;0;HUMIDITY;0;1;0;0;
Wed Jul 31 16:52:08 CEST 2013;39;73;3;459;d2840962-3668-411a-91ef-7072b4069b1f;39;1;1;1;60;0;LIGHT;0;1;0;0;
Wed Jul 31 16:52:11 CEST 2013;101;27;1;33;c8faea51-1419-4cfc-8390-e05c61e1ab4c;101;0;60;1;60;0;ELECTRICITY;0;1;0;0;
Wed Jul 31 16:52:54 CEST 2013;39;74;2;29;61f0b5c5-2baf-44b6-bf5d-d001de661057;39;1;1;1;60;0;TEMPERATURE;0;1;0;0;
Wed Jul 31 16:52:56 CEST 2013;39;75;4;976;38b218cc-5c6d-484b-82e5-531a6a6e77f1;39;1;1;1;60;0;HUMIDITY;0;1;0;0;
Wed Jul 31 16:53:08 CEST 2013;39;76;3;623;d2840962-3668-411a-91ef-7072b4069b1f;39;1;1;1;60;0;LIGHT;0;1;0;0;
Wed Jul 31 16:53:11 CEST 2013;101;28;1;34;c8faea51-1419-4cfc-8390-e05c61e1ab4c;101;0;60;1;60;0;ELECTRICITY;0;1;0;0;
Wed Jul 31 16:53:54 CEST 2013;39;77;2;29;61f0b5c5-2baf-44b6-bf5d-d001de661057;39;1;1;1;60;0;TEMPERATURE;0;1;0;0;
Wed Jul 31 16:53:56 CEST 2013;39;78;4;976;38b218cc-5c6d-484b-82e5-531a6a6e77f1;39;1;1;1;60;0;HUMIDITY;0;1;0;0;
Wed Jul 31 16:54:08 CEST 2013;39;79;3;783;d2840962-3668-411a-91ef-7072b4069b1f;39;1;1;1;60;0;LIGHT;0;1;0;0;
Wed Jul 31 16:54:11 CEST 2013;101;29;1;33;c8faea51-1419-4cfc-8390-e05c61e1ab4c;101;0;60;1;60;0;ELECTRICITY;0;1;0;0;
Wed Jul 31 16:54:54 CEST 2013;39;80;2;29;61f0b5c5-2baf-44b6-bf5d-d001de661057;39;1;1;1;60;0;TEMPERATURE;0;1;0;0;
Wed Jul 31 16:54:56 CEST 2013;39;81;4;977;38b218cc-5c6d-484b-82e5-531a6a6e77f1;39;1;1;1;60;0;HUMIDITY;0;1;0;0;
Wed Jul 31 16:55:08 CEST 2013;39;82;3;779;d2840962-3668-411a-91ef-7072b4069b1f;39;1;1;1;60;0;LIGHT;0;1;0;0;
Wed Jul 31 16:55:11 CEST 2013;101;30;1;30;c8faea51-1419-4cfc-8390-e05c61e1ab4c;101;0;60;1;60;0;ELECTRICITY;0;1;0;0;
Wed Jul 31 16:55:54 CEST 2013;39;83;2;29;61f0b5c5-2baf-44b6-bf5d-d001de661057;39;1;1;1;60;0;TEMPERATURE;0;1;0;0;
Wed Jul 31 16:55:56 CEST 2013;39;84;4;977;38b218cc-5c6d-484b-82e5-531a6a6e77f1;39;1;1;1;60;0;HUMIDITY;0;1;0;0;
Wed Jul 31 16:56:08 CEST 2013;39;85;3;779;d2840962-3668-411a-91ef-7072b4069b1f;39;1;1;1;60;0;LIGHT;0;1;0;0;
Wed Jul 31 16:56:11 CEST 2013;101;31;1;33;c8faea51-1419-4cfc-8390-e05c61e1ab4c;101;0;60;1;60;0;ELECTRICITY;0;1;0;0;
Wed Jul 31 16:56:54 CEST 2013;39;86;2;29;61f0b5c5-2baf-44b6-bf5d-d001de661057;39;1;1;1;60;0;TEMPERATURE;0;1;0;0;
Wed Jul 31 16:56:56 CEST 2013;39;87;4;977;38b218cc-5c6d-484b-82e5-531a6a6e77f1;39;1;1;1;60;0;HUMIDITY;0;1;0;0;
Wed Jul 31 16:57:08 CEST 2013;39;88;3;759;d2840962-3668-411a-91ef-7072b4069b1f;39;1;1;1;60;0;LIGHT;0;1;0;0;
Wed Jul 31 16:57:11 CEST 2013;101;32;1;30;c8faea51-1419-4cfc-8390-e05c61e1ab4c;101;0;60;1;60;0;ELECTRICITY;0;1;0;0;
Wed Jul 31 16:57:54 CEST 2013;39;89;2;29;61f0b5c5-2baf-44b6-bf5d-d001de661057;39;1;1;1;60;0;TEMPERATURE;0;1;0;0;
Wed Jul 31 16:57:56 CEST 2013;39;90;4;978;38b218cc-5c6d-484b-82e5-531a6a6e77f1;39;1;1;1;60;0;HUMIDITY;0;1;0;0;
Wed Jul 31 16:58:08 CEST 2013;39;91;3;663;d2840962-3668-411a-91ef-7072b4069b1f;39;1;1;1;60;0;LIGHT;0;1;0;0;
Wed Jul 31 16:58:11 CEST 2013;101;33;1;31;c8faea51-1419-4cfc-8390-e05c61e1ab4c;101;0;60;1;60;0;ELECTRICITY;0;1;0;0;
Wed Jul 31 16:58:54 CEST 2013;39;92;2;28;61f0b5c5-2baf-44b6-bf5d-d001de661057;39;1;1;1;60;0;TEMPERATURE;0;1;0;0;
Wed Jul 31 16:58:56 CEST 2013;39;93;4;979;38b218cc-5c6d-484b-82e5-531a6a6e77f1;39;1;1;1;60;0;HUMIDITY;0;1;0;0;
Wed Jul 31 16:59:08 CEST 2013;39;94;3;429;d2840962-3668-411a-91ef-7072b4069b1f;39;1;1;1;60;0;LIGHT;0;1;0;0;
Wed Jul 31 16:59:11 CEST 2013;101;34;1;34;c8faea51-1419-4cfc-8390-e05c61e1ab4c;101;0;60;1;60;0;ELECTRICITY;0;1;0;0;
Wed Jul 31 16:59:54 CEST 2013;39;95;2;28;61f0b5c5-2baf-44b6-bf5d-d001de661057;39;1;1;1;60;0;TEMPERATURE;0;1;0;0;
Wed Jul 31 16:59:56 CEST 2013;39;96;4;980;38b218cc-5c6d-484b-82e5-531a6a6e77f1;39;1;1;1;60;0;HUMIDITY;0;1;0;0;
Wed Jul 31 17:00:08 CEST 2013;39;97;3;407;d2840962-3668-411a-91ef-7072b4069b1f;39;1;1;1;60;0;LIGHT;0;1;0;0;
Wed Jul 31 17:00:11 CEST 2013;101;35;1;30;c8faea51-1419-4cfc-8390-e05c61e1ab4c;101;0;60;1;60;0;ELECTRICITY;0;1;0;0;
Wed Jul 31 17:00:54 CEST 2013;39;98;2;28;61f0b5c5-2baf-44b6-bf5d-d001de661057;39;1;1;1;60;0;TEMPERATURE;0;1;0;0;
Wed Jul 31 17:00:56 CEST 2013;39;99;4;979;38b218cc-5c6d-484b-82e5-531a6a6e77f1;39;1;1;1;60;0;HUMIDITY;0;1;0;0;
Wed Jul 31 17:01:08 CEST 2013;39;100;3;386;d2840962-3668-411a-91ef-7072b4069b1f;39;1;1;1;60;0;LIGHT;0;1;0;0;
Wed Jul 31 17:01:11 CEST 2013;101;36;1;31;c8faea51-1419-4cfc-8390-e05c61e1ab4c;101;0;60;1;60;0;ELECTRICITY;0;1;0;0;
Wed Jul 31 17:01:54 CEST 2013;39;101;2;28;61f0b5c5-2baf-44b6-bf5d-d001de661057;39;1;1;1;60;0;TEMPERATURE;0;1;0;0;
Wed Jul 31 17:01:56 CEST 2013;39;102;4;980;38b218cc-5c6d-484b-82e5-531a6a6e77f1;39;1;1;1;60;0;HUMIDITY;0;1;0;0;
Wed Jul 31 17:02:08 CEST 2013;39;103;3;381;d2840962-3668-411a-91ef-7072b4069b1f;39;1;1;1;60;0;LIGHT;0;1;0;0;
Wed Jul 31 17:02:11 CEST 2013;101;37;1;30;c8faea51-1419-4cfc-8390-e05c61e1ab4c;101;0;60;1;60;0;ELECTRICITY;0;1;0;0;
Wed Jul 31 17:02:54 CEST 2013;39;104;2;28;61f0b5c5-2baf-44b6-bf5d-d001de661057;39;1;1;1;60;0;TEMPERATURE;0;1;0;0;
Wed Jul 31 17:02:56 CEST 2013;39;105;4;982;38b218cc-5c6d-484b-82e5-531a6a6e77f1;39;1;1;1;60;0;HUMIDITY;0;1;0;0;
Wed Jul 31 17:03:08 CEST 2013;39;106;3;483;d2840962-3668-411a-91ef-7072b4069b1f;39;1;1;1;60;0;LIGHT;0;1;0;0;
Wed Jul 31 17:03:11 CEST 2013;101;38;1;32;c8faea51-1419-4cfc-8390-e05c61e1ab4c;101;0;60;1;60;0;ELECTRICITY;0;1;0;0;
Wed Jul 31 17:03:54 CEST 2013;39;107;2;28;61f0b5c5-2baf-44b6-bf5d-d001de661057;39;1;1;1;60;0;TEMPERATURE;0;1;0;0;
Wed Jul 31 17:03:56 CEST 2013;39;108;4;978;38b218cc-5c6d-484b-82e5-531a6a6e77f1;39;1;1;1;60;0;HUMIDITY;0;1;0;0;
Wed Jul 31 17:04:08 CEST 2013;39;109;3;756;d2840962-3668-411a-91ef-7072b4069b1f;39;1;1;1;60;0;LIGHT;0;1;0;0;
Wed Jul 31 17:04:11 CEST 2013;101;39;1;31;c8faea51-1419-4cfc-8390-e05c61e1ab4c;101;0;60;1;60;0;ELECTRICITY;0;1;0;0;
Wed Jul 31 17:04:54 CEST 2013;39;110;2;28;61f0b5c5-2baf-44b6-bf5d-d001de661057;39;1;1;1;60;0;TEMPERATURE;0;1;0;0;
Wed Jul 31 17:04:56 CEST 2013;39;111;4;980;38b218cc-5c6d-484b-82e5-531a6a6e77f1;39;1;1;1;60;0;HUMIDITY;0;1;0;0;
Wed Jul 31 17:05:08 CEST 2013;39;112;3;532;d2840962-3668-411a-91ef-7072b4069b1f;39;1;1;1;60;0;LIGHT;0;1;0;0;
Wed Jul 31 17:05:11 CEST 2013;101;40;1;30;c8faea51-1419-4cfc-8390-e05c61e1ab4c;101;0;60;1;60;0;ELECTRICITY;0;1;0;0;
Wed Jul 31 17:05:54 CEST 2013;39;113;2;28;61f0b5c5-2baf-44b6-bf5d-d001de661057;39;1;1;1;60;0;TEMPERATURE;0;1;0;0;
Wed Jul 31 17:05:56 CEST 2013;39;114;4;986;38b218cc-5c6d-484b-82e5-531a6a6e77f1;39;1;1;1;60;0;HUMIDITY;0;1;0;0;
Wed Jul 31 17:06:08 CEST 2013;39;115;3;477;d2840962-3668-411a-91ef-7072b4069b1f;39;1;1;1;60;0;LIGHT;0;1;0;0;
Wed Jul 31 17:06:11 CEST 2013;101;41;1;32;c8faea51-1419-4cfc-8390-e05c61e1ab4c;101;0;60;1;60;0;ELECTRICITY;0;1;0;0;
Wed Jul 31 17:06:54 CEST 2013;39;116;2;28;61f0b5c5-2baf-44b6-bf5d-d001de661057;39;1;1;1;60;0;TEMPERATURE;0;1;0;0;
Wed Jul 31 17:06:56 CEST 2013;39;117;4;986;38b218cc-5c6d-484b-82e5-531a6a6e77f1;39;1;1;1;60;0;HUMIDITY;0;1;0;0;
Wed Jul 31 17:07:08 CEST 2013;39;118;3;404;d2840962-3668-411a-91ef-7072b4069b1f;39;1;1;1;60;0;LIGHT;0;1;0;0;
Wed Jul 31 17:07:11 CEST 2013;101;42;1;32;c8faea51-1419-4cfc-8390-e05c61e1ab4c;101;0;60;1;60;0;ELECTRICITY;0;1;0;0;
Wed Jul 31 17:07:54 CEST 2013;39;119;2;28;61f0b5c5-2baf-44b6-bf5d-d001de661057;39;1;1;1;60;0;TEMPERATURE;0;1;0;0;
Wed Jul 31 17:07:56 CEST 2013;39;120;4;987;38b218cc-5c6d-484b-82e5-531a6a6e77f1;39;1;1;1;60;0;HUMIDITY;0;1;0;0;
Wed Jul 31 17:08:08 CEST 2013;39;121;3;399;d2840962-3668-411a-91ef-7072b4069b1f;39;1;1;1;60;0;LIGHT;0;1;0;0;
Wed Jul 31 17:08:11 CEST 2013;101;43;1;31;c8faea51-1419-4cfc-8390-e05c61e1ab4c;101;0;60;1;60;0;ELECTRICITY;0;1;0;0;
Wed Jul 31 17:08:54 CEST 2013;39;122;2;28;61f0b5c5-2baf-44b6-bf5d-d001de661057;39;1;1;1;60;0;TEMPERATURE;0;1;0;0;
Wed Jul 31 17:08:56 CEST 2013;39;123;4;986;38b218cc-5c6d-484b-82e5-531a6a6e77f1;39;1;1;1;60;0;HUMIDITY;0;1;0;0;
Wed Jul 31 17:09:08 CEST 2013;39;124;3;372;d2840962-3668-411a-91ef-7072b4069b1f;39;1;1;1;60;0;LIGHT;0;1;0;0;
Wed Jul 31 17:09:11 CEST 2013;101;44;1;32;c8faea51-1419-4cfc-8390-e05c61e1ab4c;101;0;60;1;60;0;ELECTRICITY;0;1;0;0;
Wed Jul 31 17:09:54 CEST 2013;39;125;2;28;61f0b5c5-2baf-44b6-bf5d-d001de661057;39;1;1;1;60;0;TEMPERATURE;0;1;0;0;
Wed Jul 31 17:09:56 CEST 2013;39;126;4;991;38b218cc-5c6d-484b-82e5-531a6a6e77f1;39;1;1;1;60;0;HUMIDITY;0;1;0;0;
Wed Jul 31 17:10:08 CEST 2013;39;127;3;365;d2840962-3668-411a-91ef-7072b4069b1f;39;1;1;1;60;0;LIGHT;0;1;0;0;
Wed Jul 31 17:10:11 CEST 2013;101;45;1;31;c8faea51-1419-4cfc-8390-e05c61e1ab4c;101;0;60;1;60;0;ELECTRICITY;0;1;0;0;
Wed Jul 31 17:10:54 CEST 2013;39;128;2;28;61f0b5c5-2baf-44b6-bf5d-d001de661057;39;1;1;1;60;0;TEMPERATURE;0;1;0;0;
Wed Jul 31 17:10:56 CEST 2013;39;129;4;989;38b218cc-5c6d-484b-82e5-531a6a6e77f1;39;1;1;1;60;0;HUMIDITY;0;1;0;0;
Wed Jul 31 17:11:08 CEST 2013;39;130;3;367;d2840962-3668-411a-91ef-7072b4069b1f;39;1;1;1;60;0;LIGHT;0;1;0;0;
Wed Jul 31 17:11:11 CEST 2013;101;46;1;31;c8faea51-1419-4cfc-8390-e05c61e1ab4c;101;0;60;1;60;0;ELECTRICITY;0;1;0;0;
Wed Jul 31 17:11:54 CEST 2013;39;131;2;28;61f0b5c5-2baf-44b6-bf5d-d001de661057;39;1;1;1;60;0;TEMPERATURE;0;1;0;0;
Wed Jul 31 17:11:56 CEST 2013;39;132;4;987;38b218cc-5c6d-484b-82e5-531a6a6e77f1;39;1;1;1;60;0;HUMIDITY;0;1;0;0;
Wed Jul 31 17:12:08 CEST 2013;39;133;3;436;d2840962-3668-411a-91ef-7072b4069b1f;39;1;1;1;60;0;LIGHT;0;1;0;0;
Wed Jul 31 17:12:11 CEST 2013;101;47;1;31;c8faea51-1419-4cfc-8390-e05c61e1ab4c;101;0;60;1;60;0;ELECTRICITY;0;1;0;0;
Wed Jul 31 17:12:54 CEST 2013;39;134;2;28;61f0b5c5-2baf-44b6-bf5d-d001de661057;39;1;1;1;60;0;TEMPERATURE;0;1;0;0;
Wed Jul 31 17:12:56 CEST 2013;39;135;4;984;38b218cc-5c6d-484b-82e5-531a6a6e77f1;39;1;1;1;60;0;HUMIDITY;0;1;0;0;
Wed Jul 31 17:13:08 CEST 2013;39;136;3;615;d2840962-3668-411a-91ef-7072b4069b1f;39;1;1;1;60;0;LIGHT;0;1;0;0;
Wed Jul 31 17:13:11 CEST 2013;101;48;1;31;c8faea51-1419-4cfc-8390-e05c61e1ab4c;101;0;60;1;60;0;ELECTRICITY;0;1;0;0;
Wed Jul 31 17:13:54 CEST 2013;39;137;2;28;61f0b5c5-2baf-44b6-bf5d-d001de661057;39;1;1;1;60;0;TEMPERATURE;0;1;0;0;
Wed Jul 31 17:13:56 CEST 2013;39;138;4;984;38b218cc-5c6d-484b-82e5-531a6a6e77f1;39;1;1;1;60;0;HUMIDITY;0;1;0;0;
Wed Jul 31 17:14:08 CEST 2013;39;139;3;441;d2840962-3668-411a-91ef-7072b4069b1f;39;1;1;1;60;0;LIGHT;0;1;0;0;
Wed Jul 31 17:14:11 CEST 2013;101;49;1;33;c8faea51-1419-4cfc-8390-e05c61e1ab4c;101;0;60;1;60;0;ELECTRICITY;0;1;0;0;
Wed Jul 31 17:14:54 CEST 2013;39;140;2;28;61f0b5c5-2baf-44b6-bf5d-d001de661057;39;1;1;1;60;0;TEMPERATURE;0;1;0;0;
Wed Jul 31 17:14:56 CEST 2013;39;141;4;987;38b218cc-5c6d-484b-82e5-531a6a6e77f1;39;1;1;1;60;0;HUMIDITY;0;1;0;0;
Wed Jul 31 17:15:08 CEST 2013;39;142;3;422;d2840962-3668-411a-91ef-7072b4069b1f;39;1;1;1;60;0;LIGHT;0;1;0;0;
Wed Jul 31 17:15:11 CEST 2013;101;50;1;34;c8faea51-1419-4cfc-8390-e05c61e1ab4c;101;0;60;1;60;0;ELECTRICITY;0;1;0;0;
Wed Jul 31 17:15:54 CEST 2013;39;143;2;28;61f0b5c5-2baf-44b6-bf5d-d001de661057;39;1;1;1;60;0;TEMPERATURE;0;1;0;0;
Wed Jul 31 17:15:56 CEST 2013;39;144;4;985;38b218cc-5c6d-484b-82e5-531a6a6e77f1;39;1;1;1;60;0;HUMIDITY;0;1;0;0;
Wed Jul 31 17:16:08 CEST 2013;39;145;3;382;d2840962-3668-411a-91ef-7072b4069b1f;39;1;1;1;60;0;LIGHT;0;1;0;0;
Wed Jul 31 17:16:11 CEST 2013;101;51;1;33;c8faea51-1419-4cfc-8390-e05c61e1ab4c;101;0;60;1;60;0;ELECTRICITY;0;1;0;0;
Wed Jul 31 17:16:54 CEST 2013;39;146;2;28;61f0b5c5-2baf-44b6-bf5d-d001de661057;39;1;1;1;60;0;TEMPERATURE;0;1;0;0;
Wed Jul 31 17:16:56 CEST 2013;39;147;4;986;38b218cc-5c6d-484b-82e5-531a6a6e77f1;39;1;1;1;60;0;HUMIDITY;0;1;0;0;
Wed Jul 31 17:17:08 CEST 2013;39;148;3;657;d2840962-3668-411a-91ef-7072b4069b1f;39;1;1;1;60;0;LIGHT;0;1;0;0;
Wed Jul 31 17:17:11 CEST 2013;101;52;1;33;c8faea51-1419-4cfc-8390-e05c61e1ab4c;101;0;60;1;60;0;ELECTRICITY;0;1;0;0;
Wed Jul 31 17:17:54 CEST 2013;39;149;2;28;61f0b5c5-2baf-44b6-bf5d-d001de661057;39;1;1;1;60;0;TEMPERATURE;0;1;0;0;
Wed Jul 31 17:17:56 CEST 2013;39;150;4;987;38b218cc-5c6d-484b-82e5-531a6a6e77f1;39;1;1;1;60;0;HUMIDITY;0;1;0;0;
Wed Jul 31 17:18:08 CEST 2013;39;151;3;742;d2840962-3668-411a-91ef-7072b4069b1f;39;1;1;1;60;0;LIGHT;0;1;0;0;
Wed Jul 31 17:18:11 CEST 2013;101;53;1;33;c8faea51-1419-4cfc-8390-e05c61e1ab4c;101;0;60;1;60;0;ELECTRICITY;0;1;0;0;
Wed Jul 31 17:18:54 CEST 2013;39;152;2;28;61f0b5c5-2baf-44b6-bf5d-d001de661057;39;1;1;1;60;0;TEMPERATURE;0;1;0;0;
Wed Jul 31 17:18:56 CEST 2013;39;153;4;984;38b218cc-5c6d-484b-82e5-531a6a6e77f1;39;1;1;1;60;0;HUMIDITY;0;1;0;0;
Wed Jul 31 17:19:08 CEST 2013;39;154;3;756;d2840962-3668-411a-91ef-7072b4069b1f;39;1;1;1;60;0;LIGHT;0;1;0;0;
Wed Jul 31 17:19:11 CEST 2013;101;54;1;34;c8faea51-1419-4cfc-8390-e05c61e1ab4c;101;0;60;1;60;0;ELECTRICITY;0;1;0;0;
Wed Jul 31 17:19:54 CEST 2013;39;155;2;28;61f0b5c5-2baf-44b6-bf5d-d001de661057;39;1;1;1;60;0;TEMPERATURE;0;1;0;0;
Wed Jul 31 17:19:56 CEST 2013;39;156;4;980;38b218cc-5c6d-484b-82e5-531a6a6e77f1;39;1;1;1;60;0;HUMIDITY;0;1;0;0;
Wed Jul 31 17:20:08 CEST 2013;39;157;3;742;d2840962-3668-411a-91ef-7072b4069b1f;39;1;1;1;60;0;LIGHT;0;1;0;0;
Wed Jul 31 17:20:11 CEST 2013;101;55;1;36;c8faea51-1419-4cfc-8390-e05c61e1ab4c;101;0;60;1;60;0;ELECTRICITY;0;1;0;0;
Wed Jul 31 17:20:54 CEST 2013;39;158;2;28;61f0b5c5-2baf-44b6-bf5d-d001de661057;39;1;1;1;60;0;TEMPERATURE;0;1;0;0;
Wed Jul 31 17:20:56 CEST 2013;39;159;4;980;38b218cc-5c6d-484b-82e5-531a6a6e77f1;39;1;1;1;60;0;HUMIDITY;0;1;0;0;
Wed Jul 31 17:21:08 CEST 2013;39;160;3;599;d2840962-3668-411a-91ef-7072b4069b1f;39;1;1;1;60;0;LIGHT;0;1;0;0;
Wed Jul 31 17:21:11 CEST 2013;101;56;1;33;c8faea51-1419-4cfc-8390-e05c61e1ab4c;101;0;60;1;60;0;ELECTRICITY;0;1;0;0;
Wed Jul 31 17:21:54 CEST 2013;39;161;2;28;61f0b5c5-2baf-44b6-bf5d-d001de661057;39;1;1;1;60;0;TEMPERATURE;0;1;0;0;
Wed Jul 31 17:21:56 CEST 2013;39;162;4;981;38b218cc-5c6d-484b-82e5-531a6a6e77f1;39;1;1;1;60;0;HUMIDITY;0;1;0;0;
Wed Jul 31 17:22:08 CEST 2013;39;163;3;381;d2840962-3668-411a-91ef-7072b4069b1f;39;1;1;1;60;0;LIGHT;0;1;0;0;
Wed Jul 31 17:22:11 CEST 2013;101;57;1;34;c8faea51-1419-4cfc-8390-e05c61e1ab4c;101;0;60;1;60;0;ELECTRICITY;0;1;0;0;
Wed Jul 31 17:22:54 CEST 2013;39;164;2;28;61f0b5c5-2baf-44b6-bf5d-d001de661057;39;1;1;1;60;0;TEMPERATURE;0;1;0;0;
Wed Jul 31 17:22:56 CEST 2013;39;165;4;977;38b218cc-5c6d-484b-82e5-531a6a6e77f1;39;1;1;1;60;0;HUMIDITY;0;1;0;0;
Wed Jul 31 17:23:08 CEST 2013;39;166;3;368;d2840962-3668-411a-91ef-7072b4069b1f;39;1;1;1;60;0;LIGHT;0;1;0;0;
Wed Jul 31 17:23:11 CEST 2013;101;58;1;35;c8faea51-1419-4cfc-8390-e05c61e1ab4c;101;0;60;1;60;0;ELECTRICITY;0;1;0;0;
Wed Jul 31 17:23:54 CEST 2013;39;167;2;28;61f0b5c5-2baf-44b6-bf5d-d001de661057;39;1;1;1;60;0;TEMPERATURE;0;1;0;0;
Wed Jul 31 17:23:56 CEST 2013;39;168;4;978;38b218cc-5c6d-484b-82e5-531a6a6e77f1;39;1;1;1;60;0;HUMIDITY;0;1;0;0;
Wed Jul 31 17:24:08 CEST 2013;39;169;3;365;d2840962-3668-411a-91ef-7072b4069b1f;39;1;1;1;60;0;LIGHT;0;1;0;0;
Wed Jul 31 17:24:11 CEST 2013;101;59;1;34;c8faea51-1419-4cfc-8390-e05c61e1ab4c;101;0;60;1;60;0;ELECTRICITY;0;1;0;0;
Wed Jul 31 17:24:54 CEST 2013;39;170;2;28;61f0b5c5-2baf-44b6-bf5d-d001de661057;39;1;1;1;60;0;TEMPERATURE;0;1;0;0;
Wed Jul 31 17:24:56 CEST 2013;39;171;4;981;38b218cc-5c6d-484b-82e5-531a6a6e77f1;39;1;1;1;60;0;HUMIDITY;0;1;0;0;
Wed Jul 31 17:25:08 CEST 2013;39;172;3;365;d2840962-3668-411a-91ef-7072b4069b1f;39;1;1;1;60;0;LIGHT;0;1;0;0;
Wed Jul 31 17:25:54 CEST 2013;39;173;2;28;61f0b5c5-2baf-44b6-bf5d-d001de661057;39;1;1;1;60;0;TEMPERATURE;0;1;0;0;
Wed Jul 31 17:25:56 CEST 2013;39;174;4;983;38b218cc-5c6d-484b-82e5-531a6a6e77f1;39;1;1;1;60;0;HUMIDITY;0;1;0;0;
Wed Jul 31 17:26:08 CEST 2013;39;175;3;374;d2840962-3668-411a-91ef-7072b4069b1f;39;1;1;1;60;0;LIGHT;0;1;0;0;
Wed Jul 31 17:26:54 CEST 2013;39;176;2;28;61f0b5c5-2baf-44b6-bf5d-d001de661057;39;1;1;1;60;0;TEMPERATURE;0;1;0;0;
Wed Jul 31 17:26:56 CEST 2013;39;177;4;982;38b218cc-5c6d-484b-82e5-531a6a6e77f1;39;1;1;1;60;0;HUMIDITY;0;1;0;0;
Wed Jul 31 17:27:08 CEST 2013;39;178;3;388;d2840962-3668-411a-91ef-7072b4069b1f;39;1;1;1;60;0;LIGHT;0;1;0;0;
Wed Jul 31 17:27:56 CEST 2013;39;179;4;979;38b218cc-5c6d-484b-82e5-531a6a6e77f1;39;1;1;1;60;0;HUMIDITY;0;1;0;0;
Wed Jul 31 18:08:44 CEST 2013;101;60;5;131;cb451ce6-d442-4f8a-b550-9d4292cc3373;101;0;10;1;60;0;ELECTRICITY;0;1;0;0;
Wed Jul 31 18:08:54 CEST 2013;101;61;5;32;cb451ce6-d442-4f8a-b550-9d4292cc3373;101;0;10;1;60;0;ELECTRICITY;0;1;0;0;
Wed Jul 31 18:09:04 CEST 2013;101;62;5;29;cb451ce6-d442-4f8a-b550-9d4292cc3373;101;0;10;1;60;0;ELECTRICITY;0;1;0;0;
Wed Jul 31 18:09:14 CEST 2013;101;63;5;30;cb451ce6-d442-4f8a-b550-9d4292cc3373;101;0;10;1;60;0;ELECTRICITY;0;1;0;0;
Wed Jul 31 18:09:24 CEST 2013;101;64;5;30;cb451ce6-d442-4f8a-b550-9d4292cc3373;101;0;10;1;60;0;ELECTRICITY;0;1;0;0;
Wed Jul 31 18:09:34 CEST 2013;101;65;5;33;cb451ce6-d442-4f8a-b550-9d4292cc3373;101;0;10;1;60;0;ELECTRICITY;0;1;0;0;
Wed Jul 31 18:09:44 CEST 2013;101;66;5;28;cb451ce6-d442-4f8a-b550-9d4292cc3373;101;0;10;1;60;0;ELECTRICITY;0;1;0;0;
Wed Jul 31 18:09:54 CEST 2013;101;67;5;28;cb451ce6-d442-4f8a-b550-9d4292cc3373;101;0;10;1;60;0;ELECTRICITY;0;1;0;0;
Wed Jul 31 18:10:04 CEST 2013;101;68;5;29;cb451ce6-d442-4f8a-b550-9d4292cc3373;101;0;10;1;60;0;ELECTRICITY;0;1;0;0;
Wed Jul 31 18:10:14 CEST 2013;101;69;5;29;cb451ce6-d442-4f8a-b550-9d4292cc3373;101;0;10;1;60;0;ELECTRICITY;0;1;0;0;
Wed Jul 31 18:10:24 CEST 2013;101;70;5;29;cb451ce6-d442-4f8a-b550-9d4292cc3373;101;0;10;1;60;0;ELECTRICITY;0;1;0;0;
Wed Jul 31 18:10:34 CEST 2013;101;71;5;29;cb451ce6-d442-4f8a-b550-9d4292cc3373;101;0;10;1;60;0;ELECTRICITY;0;1;0;0;
Wed Jul 31 18:10:44 CEST 2013;101;72;5;32;cb451ce6-d442-4f8a-b550-9d4292cc3373;101;0;10;1;60;0;ELECTRICITY;0;1;0;0;
Wed Jul 31 18:10:54 CEST 2013;101;73;5;29;cb451ce6-d442-4f8a-b550-9d4292cc3373;101;0;10;1;60;0;ELECTRICITY;0;1;0;0;
Wed Jul 31 18:11:04 CEST 2013;101;74;5;29;cb451ce6-d442-4f8a-b550-9d4292cc3373;101;0;10;1;60;0;ELECTRICITY;0;1;0;0;
Wed Jul 31 18:11:14 CEST 2013;101;75;5;29;cb451ce6-d442-4f8a-b550-9d4292cc3373;101;0;10;1;60;0;ELECTRICITY;0;1;0;0;
Wed Jul 31 18:11:24 CEST 2013;101;76;5;29;cb451ce6-d442-4f8a-b550-9d4292cc3373;101;0;10;1;60;0;ELECTRICITY;0;1;0;0;
Wed Jul 31 18:11:34 CEST 2013;101;77;5;28;cb451ce6-d442-4f8a-b550-9d4292cc3373;101;0;10;1;60;0;ELECTRICITY;0;1;0;0;
Wed Jul 31 18:11:44 CEST 2013;101;78;5;28;cb451ce6-d442-4f8a-b550-9d4292cc3373;101;0;10;1;60;0;ELECTRICITY;0;1;0;0;
Wed Jul 31 18:11:54 CEST 2013;101;79;5;29;cb451ce6-d442-4f8a-b550-9d4292cc3373;101;0;10;1;60;0;ELECTRICITY;0;1;0;0;
Wed Jul 31 18:12:04 CEST 2013;101;80;5;30;cb451ce6-d442-4f8a-b550-9d4292cc3373;101;0;10;1;60;0;ELECTRICITY;0;1;0;0;
Wed Jul 31 18:12:14 CEST 2013;101;81;5;29;cb451ce6-d442-4f8a-b550-9d4292cc3373;101;0;10;1;60;0;ELECTRICITY;0;1;0;0;
Wed Jul 31 18:12:24 CEST 2013;101;82;5;28;cb451ce6-d442-4f8a-b550-9d4292cc3373;101;0;10;1;60;0;ELECTRICITY;0;1;0;0;
Wed Jul 31 18:12:34 CEST 2013;101;83;5;29;cb451ce6-d442-4f8a-b550-9d4292cc3373;101;0;10;1;60;0;ELECTRICITY;0;1;0;0;
Wed Jul 31 18:12:44 CEST 2013;101;84;5;30;cb451ce6-d442-4f8a-b550-9d4292cc3373;101;0;10;1;60;0;ELECTRICITY;0;1;0;0;
Wed Jul 31 18:12:54 CEST 2013;101;85;5;29;cb451ce6-d442-4f8a-b550-9d4292cc3373;101;0;10;1;60;0;ELECTRICITY;0;1;0;0;
Wed Jul 31 18:13:04 CEST 2013;101;86;5;29;cb451ce6-d442-4f8a-b550-9d4292cc3373;101;0;10;1;60;0;ELECTRICITY;0;1;0;0;
Wed Jul 31 18:13:14 CEST 2013;101;87;5;31;cb451ce6-d442-4f8a-b550-9d4292cc3373;101;0;10;1;60;0;ELECTRICITY;0;1;0;0;
Wed Jul 31 18:13:24 CEST 2013;101;88;5;28;cb451ce6-d442-4f8a-b550-9d4292cc3373;101;0;10;1;60;0;ELECTRICITY;0;1;0;0;
Wed Jul 31 18:13:34 CEST 2013;101;89;5;28;cb451ce6-d442-4f8a-b550-9d4292cc3373;101;0;10;1;60;0;ELECTRICITY;0;1;0;0;
Wed Jul 31 18:13:44 CEST 2013;101;90;5;29;cb451ce6-d442-4f8a-b550-9d4292cc3373;101;0;10;1;60;0;ELECTRICITY;0;1;0;0;
Wed Jul 31 18:13:54 CEST 2013;101;91;5;29;cb451ce6-d442-4f8a-b550-9d4292cc3373;101;0;10;1;60;0;ELECTRICITY;0;1;0;0;
Wed Jul 31 18:14:04 CEST 2013;101;92;5;29;cb451ce6-d442-4f8a-b550-9d4292cc3373;101;0;10;1;60;0;ELECTRICITY;0;1;0;0;
Wed Jul 31 18:14:14 CEST 2013;101;93;5;30;cb451ce6-d442-4f8a-b550-9d4292cc3373;101;0;10;1;60;0;ELECTRICITY;0;1;0;0;
Wed Jul 31 18:14:24 CEST 2013;101;94;5;30;cb451ce6-d442-4f8a-b550-9d4292cc3373;101;0;10;1;60;0;ELECTRICITY;0;1;0;0;
Wed Jul 31 18:14:34 CEST 2013;101;95;5;28;cb451ce6-d442-4f8a-b550-9d4292cc3373;101;0;10;1;60;0;ELECTRICITY;0;1;0;0;
Wed Jul 31 18:14:44 CEST 2013;101;96;5;28;cb451ce6-d442-4f8a-b550-9d4292cc3373;101;0;10;1;60;0;ELECTRICITY;0;1;0;0;
Wed Jul 31 18:14:54 CEST 2013;101;97;5;28;cb451ce6-d442-4f8a-b550-9d4292cc3373;101;0;10;1;60;0;ELECTRICITY;0;1;0;0;
Wed Jul 31 18:15:04 CEST 2013;101;98;5;28;cb451ce6-d442-4f8a-b550-9d4292cc3373;101;0;10;1;60;0;ELECTRICITY;0;1;0;0;
Wed Jul 31 18:15:14 CEST 2013;101;99;5;28;cb451ce6-d442-4f8a-b550-9d4292cc3373;101;0;10;1;60;0;ELECTRICITY;0;1;0;0;
Wed Jul 31 18:15:24 CEST 2013;101;100;5;30;cb451ce6-d442-4f8a-b550-9d4292cc3373;101;0;10;1;60;0;ELECTRICITY;0;1;0;0;
Wed Jul 31 18:15:34 CEST 2013;101;101;5;30;cb451ce6-d442-4f8a-b550-9d4292cc3373;101;0;10;1;60;0;ELECTRICITY;0;1;0;0;
Wed Jul 31 18:15:44 CEST 2013;101;102;5;27;cb451ce6-d442-4f8a-b550-9d4292cc3373;101;0;10;1;60;0;ELECTRICITY;0;1;0;0;
Wed Jul 31 18:15:54 CEST 2013;101;103;5;28;cb451ce6-d442-4f8a-b550-9d4292cc3373;101;0;10;1;60;0;ELECTRICITY;0;1;0;0;
Wed Jul 31 18:16:04 CEST 2013;101;104;5;27;cb451ce6-d442-4f8a-b550-9d4292cc3373;101;0;10;1;60;0;ELECTRICITY;0;1;0;0;
Wed Jul 31 18:16:14 CEST 2013;101;105;5;27;cb451ce6-d442-4f8a-b550-9d4292cc3373;101;0;10;1;60;0;ELECTRICITY;0;1;0;0;
Wed Jul 31 18:16:24 CEST 2013;101;106;5;27;cb451ce6-d442-4f8a-b550-9d4292cc3373;101;0;10;1;60;0;ELECTRICITY;0;1;0;0;
Wed Jul 31 18:16:34 CEST 2013;101;107;5;30;cb451ce6-d442-4f8a-b550-9d4292cc3373;101;0;10;1;60;0;ELECTRICITY;0;1;0;0;
Wed Jul 31 18:16:44 CEST 2013;101;108;5;30;cb451ce6-d442-4f8a-b550-9d4292cc3373;101;0;10;1;60;0;ELECTRICITY;0;1;0;0;
Wed Jul 31 18:16:54 CEST 2013;101;109;5;27;cb451ce6-d442-4f8a-b550-9d4292cc3373;101;0;10;1;60;0;ELECTRICITY;0;1;0;0;
Wed Jul 31 18:17:04 CEST 2013;101;110;5;28;cb451ce6-d442-4f8a-b550-9d4292cc3373;101;0;10;1;60;0;ELECTRICITY;0;1;0;0;
Wed Jul 31 18:17:14 CEST 2013;101;111;5;28;cb451ce6-d442-4f8a-b550-9d4292cc3373;101;0;10;1;60;0;ELECTRICITY;0;1;0;0;
Wed Jul 31 18:17:24 CEST 2013;101;112;5;27;cb451ce6-d442-4f8a-b550-9d4292cc3373;101;0;10;1;60;0;ELECTRICITY;0;1;0;0;
Wed Jul 31 18:17:34 CEST 2013;101;113;5;28;cb451ce6-d442-4f8a-b550-9d4292cc3373;101;0;10;1;60;0;ELECTRICITY;0;1;0;0;
Wed Jul 31 18:17:44 CEST 2013;101;114;5;27;cb451ce6-d442-4f8a-b550-9d4292cc3373;101;0;10;1;60;0;ELECTRICITY;0;1;0;0;
Wed Jul 31 18:17:54 CEST 2013;101;115;5;27;cb451ce6-d442-4f8a-b550-9d4292cc3373;101;0;10;1;60;0;ELECTRICITY;0;1;0;0;
Wed Jul 31 18:18:04 CEST 2013;101;116;5;28;cb451ce6-d442-4f8a-b550-9d4292cc3373;101;0;10;1;60;0;ELECTRICITY;0;1;0;0;
Wed Jul 31 18:18:14 CEST 2013;101;117;5;30;cb451ce6-d442-4f8a-b550-9d4292cc3373;101;0;10;1;60;0;ELECTRICITY;0;1;0;0;
Wed Jul 31 18:18:24 CEST 2013;101;118;5;30;cb451ce6-d442-4f8a-b550-9d4292cc3373;101;0;10;1;60;0;ELECTRICITY;0;1;0;0;
Wed Jul 31 18:18:34 CEST 2013;101;119;5;27;cb451ce6-d442-4f8a-b550-9d4292cc3373;101;0;10;1;60;0;ELECTRICITY;0;1;0;0;
Wed Jul 31 18:18:44 CEST 2013;101;120;5;27;cb451ce6-d442-4f8a-b550-9d4292cc3373;101;0;10;1;60;0;ELECTRICITY;0;1;0;0;
Wed Jul 31 18:18:54 CEST 2013;101;121;5;28;cb451ce6-d442-4f8a-b550-9d4292cc3373;101;0;10;1;60;0;ELECTRICITY;0;1;0;0;
Wed Jul 31 18:19:04 CEST 2013;101;122;5;28;cb451ce6-d442-4f8a-b550-9d4292cc3373;101;0;10;1;60;0;ELECTRICITY;0;1;0;0;
Wed Jul 31 18:19:14 CEST 2013;101;123;5;28;cb451ce6-d442-4f8a-b550-9d4292cc3373;101;0;10;1;60;0;ELECTRICITY;0;1;0;0;
Wed Jul 31 18:19:24 CEST 2013;101;124;5;29;cb451ce6-d442-4f8a-b550-9d4292cc3373;101;0;10;1;60;0;ELECTRICITY;0;1;0;0;
Wed Jul 31 18:19:34 CEST 2013;101;125;5;28;cb451ce6-d442-4f8a-b550-9d4292cc3373;101;0;10;1;60;0;ELECTRICITY;0;1;0;0;
Wed Jul 31 18:19:44 CEST 2013;101;126;5;27;cb451ce6-d442-4f8a-b550-9d4292cc3373;101;0;10;1;60;0;ELECTRICITY;0;1;0;0;
Wed Jul 31 18:19:54 CEST 2013;101;127;5;27;cb451ce6-d442-4f8a-b550-9d4292cc3373;101;0;10;1;60;0;ELECTRICITY;0;1;0;0;
Wed Jul 31 18:20:04 CEST 2013;101;128;5;27;cb451ce6-d442-4f8a-b550-9d4292cc3373;101;0;10;1;60;0;ELECTRICITY;0;1;0;0;
Wed Jul 31 18:20:14 CEST 2013;101;129;5;27;cb451ce6-d442-4f8a-b550-9d4292cc3373;101;0;10;1;60;0;ELECTRICITY;0;1;0;0;
Wed Jul 31 18:20:24 CEST 2013;101;130;5;28;cb451ce6-d442-4f8a-b550-9d4292cc3373;101;0;10;1;60;0;ELECTRICITY;0;1;0;0;
Wed Jul 31 18:20:34 CEST 2013;101;131;5;28;cb451ce6-d442-4f8a-b550-9d4292cc3373;101;0;10;1;60;0;ELECTRICITY;0;1;0;0;
Wed Jul 31 18:20:44 CEST 2013;101;132;5;30;cb451ce6-d442-4f8a-b550-9d4292cc3373;101;0;10;1;60;0;ELECTRICITY;0;1;0;0;
Wed Jul 31 18:20:54 CEST 2013;101;133;5;27;cb451ce6-d442-4f8a-b550-9d4292cc3373;101;0;10;1;60;0;ELECTRICITY;0;1;0;0;
Wed Jul 31 18:21:04 CEST 2013;101;134;5;27;cb451ce6-d442-4f8a-b550-9d4292cc3373;101;0;10;1;60;0;ELECTRICITY;0;1;0;0;
Wed Jul 31 18:21:14 CEST 2013;101;135;5;28;cb451ce6-d442-4f8a-b550-9d4292cc3373;101;0;10;1;60;0;ELECTRICITY;0;1;0;0;
Wed Jul 31 18:21:24 CEST 2013;101;136;5;27;cb451ce6-d442-4f8a-b550-9d4292cc3373;101;0;10;1;60;0;ELECTRICITY;0;1;0;0;
Wed Jul 31 18:21:34 CEST 2013;101;137;5;27;cb451ce6-d442-4f8a-b550-9d4292cc3373;101;0;10;1;60;0;ELECTRICITY;0;1;0;0;
Wed Jul 31 18:21:44 CEST 2013;101;138;5;27;cb451ce6-d442-4f8a-b550-9d4292cc3373;101;0;10;1;60;0;ELECTRICITY;0;1;0;0;
Wed Jul 31 18:21:54 CEST 2013;101;139;5;30;cb451ce6-d442-4f8a-b550-9d4292cc3373;101;0;10;1;60;0;ELECTRICITY;0;1;0;0;
Wed Jul 31 18:22:04 CEST 2013;101;140;5;27;cb451ce6-d442-4f8a-b550-9d4292cc3373;101;0;10;1;60;0;ELECTRICITY;0;1;0;0;
Wed Jul 31 18:22:14 CEST 2013;101;141;5;27;cb451ce6-d442-4f8a-b550-9d4292cc3373;101;0;10;1;60;0;ELECTRICITY;0;1;0;0;
Wed Jul 31 18:22:24 CEST 2013;101;142;5;28;cb451ce6-d442-4f8a-b550-9d4292cc3373;101;0;10;1;60;0;ELECTRICITY;0;1;0;0;
Wed Jul 31 18:22:34 CEST 2013;101;143;5;28;cb451ce6-d442-4f8a-b550-9d4292cc3373;101;0;10;1;60;0;ELECTRICITY;0;1;0;0;
Wed Jul 31 18:22:44 CEST 2013;101;144;5;27;cb451ce6-d442-4f8a-b550-9d4292cc3373;101;0;10;1;60;0;ELECTRICITY;0;1;0;0;
Wed Jul 31 18:22:54 CEST 2013;101;145;5;28;cb451ce6-d442-4f8a-b550-9d4292cc3373;101;0;10;1;60;0;ELECTRICITY;0;1;0;0;
Wed Jul 31 18:23:04 CEST 2013;101;146;5;30;cb451ce6-d442-4f8a-b550-9d4292cc3373;101;0;10;1;60;0;ELECTRICITY;0;1;0;0;
Wed Jul 31 18:23:14 CEST 2013;101;147;5;28;cb451ce6-d442-4f8a-b550-9d4292cc3373;101;0;10;1;60;0;ELECTRICITY;0;1;0;0;
Wed Jul 31 18:23:24 CEST 2013;101;148;5;27;cb451ce6-d442-4f8a-b550-9d4292cc3373;101;0;10;1;60;0;ELECTRICITY;0;1;0;0;
Wed Jul 31 18:23:34 CEST 2013;101;149;5;28;cb451ce6-d442-4f8a-b550-9d4292cc3373;101;0;10;1;60;0;ELECTRICITY;0;1;0;0;
Wed Jul 31 18:23:44 CEST 2013;101;150;5;27;cb451ce6-d442-4f8a-b550-9d4292cc3373;101;0;10;1;60;0;ELECTRICITY;0;1;0;0;
Wed Jul 31 18:23:54 CEST 2013;101;151;5;28;cb451ce6-d442-4f8a-b550-9d4292cc3373;101;0;10;1;60;0;ELECTRICITY;0;1;0;0;
Wed Jul 31 18:24:04 CEST 2013;101;152;5;28;cb451ce6-d442-4f8a-b550-9d4292cc3373;101;0;10;1;60;0;ELECTRICITY;0;1;0;0;
Wed Jul 31 18:24:14 CEST 2013;101;153;5;30;cb451ce6-d442-4f8a-b550-9d4292cc3373;101;0;10;1;60;0;ELECTRICITY;0;1;0;0;
Wed Jul 31 18:24:24 CEST 2013;101;154;5;27;cb451ce6-d442-4f8a-b550-9d4292cc3373;101;0;10;1;60;0;ELECTRICITY;0;1;0;0;
Wed Jul 31 18:24:34 CEST 2013;101;155;5;28;cb451ce6-d442-4f8a-b550-9d4292cc3373;101;0;10;1;60;0;ELECTRICITY;0;1;0;0;
Wed Jul 31 18:24:44 CEST 2013;101;156;5;28;cb451ce6-d442-4f8a-b550-9d4292cc3373;101;0;10;1;60;0;ELECTRICITY;0;1;0;0;
Wed Jul 31 18:24:54 CEST 2013;101;157;5;27;cb451ce6-d442-4f8a-b550-9d4292cc3373;101;0;10;1;60;0;ELECTRICITY;0;1;0;0;
Wed Jul 31 18:25:04 CEST 2013;101;158;5;27;cb451ce6-d442-4f8a-b550-9d4292cc3373;101;0;10;1;60;0;ELECTRICITY;0;1;0;0;
Wed Jul 31 18:25:14 CEST 2013;101;159;5;28;cb451ce6-d442-4f8a-b550-9d4292cc3373;101;0;10;1;60;0;ELECTRICITY;0;1;0;0;
Wed Jul 31 18:25:24 CEST 2013;101;160;5;30;cb451ce6-d442-4f8a-b550-9d4292cc3373;101;0;10;1;60;0;ELECTRICITY;0;1;0;0;
Wed Jul 31 18:25:34 CEST 2013;101;161;5;27;cb451ce6-d442-4f8a-b550-9d4292cc3373;101;0;10;1;60;0;ELECTRICITY;0;1;0;0;
Wed Jul 31 18:25:44 CEST 2013;101;162;5;27;cb451ce6-d442-4f8a-b550-9d4292cc3373;101;0;10;1;60;0;ELECTRICITY;0;1;0;0;
Wed Jul 31 18:25:54 CEST 2013;101;163;5;28;cb451ce6-d442-4f8a-b550-9d4292cc3373;101;0;10;1;60;0;ELECTRICITY;0;1;0;0;
Wed Jul 31 18:26:04 CEST 2013;101;164;5;28;cb451ce6-d442-4f8a-b550-9d4292cc3373;101;0;10;1;60;0;ELECTRICITY;0;1;0;0;
Wed Jul 31 18:26:14 CEST 2013;101;165;5;27;cb451ce6-d442-4f8a-b550-9d4292cc3373;101;0;10;1;60;0;ELECTRICITY;0;1;0;0;
Wed Jul 31 18:26:24 CEST 2013;101;166;5;28;cb451ce6-d442-4f8a-b550-9d4292cc3373;101;0;10;1;60;0;ELECTRICITY;0;1;0;0;
Wed Jul 31 18:26:34 CEST 2013;101;167;5;30;cb451ce6-d442-4f8a-b550-9d4292cc3373;101;0;10;1;60;0;ELECTRICITY;0;1;0;0;
Wed Jul 31 18:26:44 CEST 2013;101;168;5;27;cb451ce6-d442-4f8a-b550-9d4292cc3373;101;0;10;1;60;0;ELECTRICITY;0;1;0;0;
Wed Jul 31 18:26:54 CEST 2013;101;169;5;27;cb451ce6-d442-4f8a-b550-9d4292cc3373;101;0;10;1;60;0;ELECTRICITY;0;1;0;0;
Wed Jul 31 18:27:04 CEST 2013;101;170;5;28;cb451ce6-d442-4f8a-b550-9d4292cc3373;101;0;10;1;60;0;ELECTRICITY;0;1;0;0;
Wed Jul 31 18:27:14 CEST 2013;101;171;5;28;cb451ce6-d442-4f8a-b550-9d4292cc3373;101;0;10;1;60;0;ELECTRICITY;0;1;0;0;
Wed Jul 31 18:27:24 CEST 2013;101;172;5;27;cb451ce6-d442-4f8a-b550-9d4292cc3373;101;0;10;1;60;0;ELECTRICITY;0;1;0;0;
Wed Jul 31 18:27:34 CEST 2013;101;173;5;28;cb451ce6-d442-4f8a-b550-9d4292cc3373;101;0;10;1;60;0;ELECTRICITY;0;1;0;0;
Wed Jul 31 18:27:44 CEST 2013;101;174;5;28;cb451ce6-d442-4f8a-b550-9d4292cc3373;101;0;10;1;60;0;ELECTRICITY;0;1;0;0;
Wed Jul 31 18:27:45 CEST 2013;101;174;5;28;cb451ce6-d442-4f8a-b550-9d4292cc3373;101;0;10;1;60;0;ELECTRICITY;0;1;0;0;
Wed Jul 31 18:27:54 CEST 2013;101;175;5;29;cb451ce6-d442-4f8a-b550-9d4292cc3373;101;0;10;1;60;0;ELECTRICITY;0;1;0;0;
Wed Jul 31 18:28:04 CEST 2013;101;176;5;28;cb451ce6-d442-4f8a-b550-9d4292cc3373;101;0;10;1;60;0;ELECTRICITY;0;1;0;0;
Wed Jul 31 18:28:14 CEST 2013;101;177;5;27;cb451ce6-d442-4f8a-b550-9d4292cc3373;101;0;10;1;60;0;ELECTRICITY;0;1;0;0;
Wed Jul 31 18:28:24 CEST 2013;101;178;5;28;cb451ce6-d442-4f8a-b550-9d4292cc3373;101;0;10;1;60;0;ELECTRICITY;0;1;0;0;
Wed Jul 31 18:28:34 CEST 2013;101;179;5;28;cb451ce6-d442-4f8a-b550-9d4292cc3373;101;0;10;1;60;0;ELECTRICITY;0;1;0;0;
Wed Jul 31 18:28:44 CEST 2013;101;180;5;28;cb451ce6-d442-4f8a-b550-9d4292cc3373;101;0;10;1;60;0;ELECTRICITY;0;1;0;0;
Wed Jul 31 18:28:54 CEST 2013;101;181;5;28;cb451ce6-d442-4f8a-b550-9d4292cc3373;101;0;10;1;60;0;ELECTRICITY;0;1;0;0;
Wed Jul 31 18:29:04 CEST 2013;101;182;5;30;cb451ce6-d442-4f8a-b550-9d4292cc3373;101;0;10;1;60;0;ELECTRICITY;0;1;0;0;
Wed Jul 31 18:29:14 CEST 2013;101;183;5;28;cb451ce6-d442-4f8a-b550-9d4292cc3373;101;0;10;1;60;0;ELECTRICITY;0;1;0;0;
Wed Jul 31 18:29:24 CEST 2013;101;184;5;28;cb451ce6-d442-4f8a-b550-9d4292cc3373;101;0;10;1;60;0;ELECTRICITY;0;1;0;0;
Wed Jul 31 18:29:34 CEST 2013;101;185;5;28;cb451ce6-d442-4f8a-b550-9d4292cc3373;101;0;10;1;60;0;ELECTRICITY;0;1;0;0;
Wed Jul 31 18:29:44 CEST 2013;101;186;5;27;cb451ce6-d442-4f8a-b550-9d4292cc3373;101;0;10;1;60;0;ELECTRICITY;0;1;0;0;
Wed Jul 31 18:29:54 CEST 2013;101;187;5;28;cb451ce6-d442-4f8a-b550-9d4292cc3373;101;0;10;1;60;0;ELECTRICITY;0;1;0;0;
Wed Jul 31 18:30:04 CEST 2013;101;188;5;27;cb451ce6-d442-4f8a-b550-9d4292cc3373;101;0;10;1;60;0;ELECTRICITY;0;1;0;0;
Wed Jul 31 18:30:14 CEST 2013;101;189;5;30;cb451ce6-d442-4f8a-b550-9d4292cc3373;101;0;10;1;60;0;ELECTRICITY;0;1;0;0;
Wed Jul 31 18:30:24 CEST 2013;101;190;5;27;cb451ce6-d442-4f8a-b550-9d4292cc3373;101;0;10;1;60;0;ELECTRICITY;0;1;0;0;
Wed Jul 31 18:30:34 CEST 2013;101;191;5;28;cb451ce6-d442-4f8a-b550-9d4292cc3373;101;0;10;1;60;0;ELECTRICITY;0;1;0;0;
Wed Jul 31 18:30:44 CEST 2013;101;192;5;27;cb451ce6-d442-4f8a-b550-9d4292cc3373;101;0;10;1;60;0;ELECTRICITY;0;1;0;0;
Wed Jul 31 18:30:54 CEST 2013;101;193;5;28;cb451ce6-d442-4f8a-b550-9d4292cc3373;101;0;10;1;60;0;ELECTRICITY;0;1;0;0;
Wed Jul 31 18:31:04 CEST 2013;101;194;5;28;cb451ce6-d442-4f8a-b550-9d4292cc3373;101;0;10;1;60;0;ELECTRICITY;0;1;0;0;
Wed Jul 31 18:31:14 CEST 2013;101;195;5;29;cb451ce6-d442-4f8a-b550-9d4292cc3373;101;0;10;1;60;0;ELECTRICITY;0;1;0;0;
Wed Jul 31 18:31:24 CEST 2013;101;196;5;30;cb451ce6-d442-4f8a-b550-9d4292cc3373;101;0;10;1;60;0;ELECTRICITY;0;1;0;0;
Wed Jul 31 18:31:34 CEST 2013;101;197;5;27;cb451ce6-d442-4f8a-b550-9d4292cc3373;101;0;10;1;60;0;ELECTRICITY;0;1;0;0;
Wed Jul 31 18:31:44 CEST 2013;101;198;5;27;cb451ce6-d442-4f8a-b550-9d4292cc3373;101;0;10;1;60;0;ELECTRICITY;0;1;0;0;
Wed Jul 31 18:31:54 CEST 2013;101;199;5;27;cb451ce6-d442-4f8a-b550-9d4292cc3373;101;0;10;1;60;0;ELECTRICITY;0;1;0;0;
Wed Jul 31 18:32:04 CEST 2013;101;200;5;27;cb451ce6-d442-4f8a-b550-9d4292cc3373;101;0;10;1;60;0;ELECTRICITY;0;1;0;0;
Wed Jul 31 18:32:14 CEST 2013;101;201;5;28;cb451ce6-d442-4f8a-b550-9d4292cc3373;101;0;10;1;60;0;ELECTRICITY;0;1;0;0;
Wed Jul 31 18:32:24 CEST 2013;101;202;5;28;cb451ce6-d442-4f8a-b550-9d4292cc3373;101;0;10;1;60;0;ELECTRICITY;0;1;0;0;
Wed Jul 31 18:32:34 CEST 2013;101;203;5;30;cb451ce6-d442-4f8a-b550-9d4292cc3373;101;0;10;1;60;0;ELECTRICITY;0;1;0;0;
Wed Jul 31 18:32:44 CEST 2013;101;204;5;28;cb451ce6-d442-4f8a-b550-9d4292cc3373;101;0;10;1;60;0;ELECTRICITY;0;1;0;0;
Wed Jul 31 18:32:54 CEST 2013;101;205;5;30;cb451ce6-d442-4f8a-b550-9d4292cc3373;101;0;10;1;60;0;ELECTRICITY;0;1;0;0;
Wed Jul 31 18:33:04 CEST 2013;101;206;5;28;cb451ce6-d442-4f8a-b550-9d4292cc3373;101;0;10;1;60;0;ELECTRICITY;0;1;0;0;
Wed Jul 31 18:33:14 CEST 2013;101;207;5;27;cb451ce6-d442-4f8a-b550-9d4292cc3373;101;0;10;1;60;0;ELECTRICITY;0;1;0;0;
Wed Jul 31 18:33:24 CEST 2013;101;208;5;27;cb451ce6-d442-4f8a-b550-9d4292cc3373;101;0;10;1;60;0;ELECTRICITY;0;1;0;0;
Wed Jul 31 18:33:34 CEST 2013;101;209;5;27;cb451ce6-d442-4f8a-b550-9d4292cc3373;101;0;10;1;60;0;ELECTRICITY;0;1;0;0;
Wed Jul 31 18:33:44 CEST 2013;101;210;5;30;cb451ce6-d442-4f8a-b550-9d4292cc3373;101;0;10;1;60;0;ELECTRICITY;0;1;0;0;
Wed Jul 31 18:33:54 CEST 2013;101;211;5;27;cb451ce6-d442-4f8a-b550-9d4292cc3373;101;0;10;1;60;0;ELECTRICITY;0;1;0;0;
Wed Jul 31 18:34:04 CEST 2013;101;212;5;27;cb451ce6-d442-4f8a-b550-9d4292cc3373;101;0;10;1;60;0;ELECTRICITY;0;1;0;0;
Wed Jul 31 18:34:14 CEST 2013;101;213;5;27;cb451ce6-d442-4f8a-b550-9d4292cc3373;101;0;10;1;60;0;ELECTRICITY;0;1;0;0;
Wed Jul 31 18:34:24 CEST 2013;101;214;5;27;cb451ce6-d442-4f8a-b550-9d4292cc3373;101;0;10;1;60;0;ELECTRICITY;0;1;0;0;
Wed Jul 31 18:34:34 CEST 2013;101;215;5;27;cb451ce6-d442-4f8a-b550-9d4292cc3373;101;0;10;1;60;0;ELECTRICITY;0;1;0;0;
Wed Jul 31 18:34:44 CEST 2013;101;216;5;27;cb451ce6-d442-4f8a-b550-9d4292cc3373;101;0;10;1;60;0;ELECTRICITY;0;1;0;0;
Wed Jul 31 18:34:54 CEST 2013;101;217;5;30;cb451ce6-d442-4f8a-b550-9d4292cc3373;101;0;10;1;60;0;ELECTRICITY;0;1;0;0;
Wed Jul 31 18:35:04 CEST 2013;101;218;5;29;cb451ce6-d442-4f8a-b550-9d4292cc3373;101;0;10;1;60;0;ELECTRICITY;0;1;0;0;
Wed Jul 31 18:35:14 CEST 2013;101;219;5;27;cb451ce6-d442-4f8a-b550-9d4292cc3373;101;0;10;1;60;0;ELECTRICITY;0;1;0;0;
Wed Jul 31 18:35:24 CEST 2013;101;220;5;28;cb451ce6-d442-4f8a-b550-9d4292cc3373;101;0;10;1;60;0;ELECTRICITY;0;1;0;0;
Wed Jul 31 18:35:34 CEST 2013;101;221;5;27;cb451ce6-d442-4f8a-b550-9d4292cc3373;101;0;10;1;60;0;ELECTRICITY;0;1;0;0;
Wed Jul 31 18:35:44 CEST 2013;101;222;5;27;cb451ce6-d442-4f8a-b550-9d4292cc3373;101;0;10;1;60;0;ELECTRICITY;0;1;0;0;
Wed Jul 31 18:35:54 CEST 2013;101;223;5;27;cb451ce6-d442-4f8a-b550-9d4292cc3373;101;0;10;1;60;0;ELECTRICITY;0;1;0;0;
Wed Jul 31 18:36:04 CEST 2013;101;224;5;28;cb451ce6-d442-4f8a-b550-9d4292cc3373;101;0;10;1;60;0;ELECTRICITY;0;1;0;0;
Wed Jul 31 18:36:14 CEST 2013;101;225;5;30;cb451ce6-d442-4f8a-b550-9d4292cc3373;101;0;10;1;60;0;ELECTRICITY;0;1;0;0;
Wed Jul 31 18:36:24 CEST 2013;101;226;5;27;cb451ce6-d442-4f8a-b550-9d4292cc3373;101;0;10;1;60;0;ELECTRICITY;0;1;0;0;
Wed Jul 31 18:36:34 CEST 2013;101;227;5;28;cb451ce6-d442-4f8a-b550-9d4292cc3373;101;0;10;1;60;0;ELECTRICITY;0;1;0;0;
Wed Jul 31 18:36:44 CEST 2013;101;228;5;27;cb451ce6-d442-4f8a-b550-9d4292cc3373;101;0;10;1;60;0;ELECTRICITY;0;1;0;0;
Wed Jul 31 18:36:54 CEST 2013;101;229;5;28;cb451ce6-d442-4f8a-b550-9d4292cc3373;101;0;10;1;60;0;ELECTRICITY;0;1;0;0;
Wed Jul 31 18:37:04 CEST 2013;101;230;5;27;cb451ce6-d442-4f8a-b550-9d4292cc3373;101;0;10;1;60;0;ELECTRICITY;0;1;0;0;
Wed Jul 31 18:37:14 CEST 2013;101;231;5;28;cb451ce6-d442-4f8a-b550-9d4292cc3373;101;0;10;1;60;0;ELECTRICITY;0;1;0;0;
Wed Jul 31 18:37:24 CEST 2013;101;232;5;30;cb451ce6-d442-4f8a-b550-9d4292cc3373;101;0;10;1;60;0;ELECTRICITY;0;1;0;0;
Wed Jul 31 18:37:34 CEST 2013;101;233;5;27;cb451ce6-d442-4f8a-b550-9d4292cc3373;101;0;10;1;60;0;ELECTRICITY;0;1;0;0;
Wed Jul 31 18:37:44 CEST 2013;101;234;5;27;cb451ce6-d442-4f8a-b550-9d4292cc3373;101;0;10;1;60;0;ELECTRICITY;0;1;0;0;
Wed Jul 31 18:37:54 CEST 2013;101;235;5;27;cb451ce6-d442-4f8a-b550-9d4292cc3373;101;0;10;1;60;0;ELECTRICITY;0;1;0;0;
Wed Jul 31 18:38:04 CEST 2013;101;236;5;28;cb451ce6-d442-4f8a-b550-9d4292cc3373;101;0;10;1;60;0;ELECTRICITY;0;1;0;0;
Wed Jul 31 18:38:14 CEST 2013;101;237;5;28;cb451ce6-d442-4f8a-b550-9d4292cc3373;101;0;10;1;60;0;ELECTRICITY;0;1;0;0;
Wed Jul 31 18:38:24 CEST 2013;101;238;5;27;cb451ce6-d442-4f8a-b550-9d4292cc3373;101;0;10;1;60;0;ELECTRICITY;0;1;0;0;
Wed Jul 31 18:38:34 CEST 2013;101;239;5;30;cb451ce6-d442-4f8a-b550-9d4292cc3373;101;0;10;1;60;0;ELECTRICITY;0;1;0;0;
Wed Jul 31 18:38:44 CEST 2013;101;240;5;27;cb451ce6-d442-4f8a-b550-9d4292cc3373;101;0;10;1;60;0;ELECTRICITY;0;1;0;0;
Wed Jul 31 18:38:54 CEST 2013;101;241;5;27;cb451ce6-d442-4f8a-b550-9d4292cc3373;101;0;10;1;60;0;ELECTRICITY;0;1;0;0;
Wed Jul 31 18:39:04 CEST 2013;101;242;5;27;cb451ce6-d442-4f8a-b550-9d4292cc3373;101;0;10;1;60;0;ELECTRICITY;0;1;0;0;
Wed Jul 31 18:39:14 CEST 2013;101;243;5;28;cb451ce6-d442-4f8a-b550-9d4292cc3373;101;0;10;1;60;0;ELECTRICITY;0;1;0;0;
Wed Jul 31 18:39:24 CEST 2013;101;244;5;28;cb451ce6-d442-4f8a-b550-9d4292cc3373;101;0;10;1;60;0;ELECTRICITY;0;1;0;0;
Wed Jul 31 18:39:34 CEST 2013;101;245;5;30;cb451ce6-d442-4f8a-b550-9d4292cc3373;101;0;10;1;60;0;ELECTRICITY;0;1;0;0;
Wed Jul 31 18:39:44 CEST 2013;101;246;5;30;cb451ce6-d442-4f8a-b550-9d4292cc3373;101;0;10;1;60;0;ELECTRICITY;0;1;0;0;
Wed Jul 31 18:39:54 CEST 2013;101;247;5;27;cb451ce6-d442-4f8a-b550-9d4292cc3373;101;0;10;1;60;0;ELECTRICITY;0;1;0;0;
Wed Jul 31 18:40:04 CEST 2013;101;248;5;28;cb451ce6-d442-4f8a-b550-9d4292cc3373;101;0;10;1;60;0;ELECTRICITY;0;1;0;0;
Wed Jul 31 18:40:14 CEST 2013;101;249;5;28;cb451ce6-d442-4f8a-b550-9d4292cc3373;101;0;10;1;60;0;ELECTRICITY;0;1;0;0;
Wed Jul 31 18:40:24 CEST 2013;101;250;5;29;cb451ce6-d442-4f8a-b550-9d4292cc3373;101;0;10;1;60;0;ELECTRICITY;0;1;0;0;
Wed Jul 31 18:40:34 CEST 2013;101;251;5;28;cb451ce6-d442-4f8a-b550-9d4292cc3373;101;0;10;1;60;0;ELECTRICITY;0;1;0;0;
Wed Jul 31 18:40:44 CEST 2013;101;252;5;28;cb451ce6-d442-4f8a-b550-9d4292cc3373;101;0;10;1;60;0;ELECTRICITY;0;1;0;0;
Wed Jul 31 18:40:54 CEST 2013;101;253;5;30;cb451ce6-d442-4f8a-b550-9d4292cc3373;101;0;10;1;60;0;ELECTRICITY;0;1;0;0;
Wed Jul 31 18:41:04 CEST 2013;101;254;5;27;cb451ce6-d442-4f8a-b550-9d4292cc3373;101;0;10;1;60;0;ELECTRICITY;0;1;0;0;
Wed Jul 31 18:41:14 CEST 2013;101;255;5;28;cb451ce6-d442-4f8a-b550-9d4292cc3373;101;0;10;1;60;0;ELECTRICITY;0;1;0;0;
Wed Jul 31 18:41:24 CEST 2013;101;256;5;27;cb451ce6-d442-4f8a-b550-9d4292cc3373;101;0;10;1;60;0;ELECTRICITY;0;1;0;0;
Wed Jul 31 18:41:34 CEST 2013;101;257;5;27;cb451ce6-d442-4f8a-b550-9d4292cc3373;101;0;10;1;60;0;ELECTRICITY;0;1;0;0;
Wed Jul 31 18:41:44 CEST 2013;101;258;5;27;cb451ce6-d442-4f8a-b550-9d4292cc3373;101;0;10;1;60;0;ELECTRICITY;0;1;0;0;
Wed Jul 31 18:41:54 CEST 2013;101;259;5;28;cb451ce6-d442-4f8a-b550-9d4292cc3373;101;0;10;1;60;0;ELECTRICITY;0;1;0;0;
Wed Jul 31 18:42:04 CEST 2013;101;260;5;29;cb451ce6-d442-4f8a-b550-9d4292cc3373;101;0;10;1;60;0;ELECTRICITY;0;1;0;0;
Wed Jul 31 18:42:14 CEST 2013;101;261;5;29;cb451ce6-d442-4f8a-b550-9d4292cc3373;101;0;10;1;60;0;ELECTRICITY;0;1;0;0;
Wed Jul 31 18:42:24 CEST 2013;101;262;5;28;cb451ce6-d442-4f8a-b550-9d4292cc3373;101;0;10;1;60;0;ELECTRICITY;0;1;0;0;
Wed Jul 31 18:42:34 CEST 2013;101;263;5;28;cb451ce6-d442-4f8a-b550-9d4292cc3373;101;0;10;1;60;0;ELECTRICITY;0;1;0;0;
Wed Jul 31 18:42:44 CEST 2013;101;264;5;28;cb451ce6-d442-4f8a-b550-9d4292cc3373;101;0;10;1;60;0;ELECTRICITY;0;1;0;0;
Wed Jul 31 18:42:54 CEST 2013;101;265;5;27;cb451ce6-d442-4f8a-b550-9d4292cc3373;101;0;10;1;60;0;ELECTRICITY;0;1;0;0;
Wed Jul 31 18:43:04 CEST 2013;101;266;5;28;cb451ce6-d442-4f8a-b550-9d4292cc3373;101;0;10;1;60;0;ELECTRICITY;0;1;0;0;
Wed Jul 31 18:43:14 CEST 2013;101;267;5;28;cb451ce6-d442-4f8a-b550-9d4292cc3373;101;0;10;1;60;0;ELECTRICITY;0;1;0;0;
Wed Jul 31 18:43:24 CEST 2013;101;268;5;30;cb451ce6-d442-4f8a-b550-9d4292cc3373;101;0;10;1;60;0;ELECTRICITY;0;1;0;0;
Wed Jul 31 18:43:34 CEST 2013;101;269;5;27;cb451ce6-d442-4f8a-b550-9d4292cc3373;101;0;10;1;60;0;ELECTRICITY;0;1;0;0;
Wed Jul 31 18:43:44 CEST 2013;101;270;5;27;cb451ce6-d442-4f8a-b550-9d4292cc3373;101;0;10;1;60;0;ELECTRICITY;0;1;0;0;
Wed Jul 31 18:43:54 CEST 2013;101;271;5;27;cb451ce6-d442-4f8a-b550-9d4292cc3373;101;0;10;1;60;0;ELECTRICITY;0;1;0;0;
Wed Jul 31 18:44:04 CEST 2013;101;272;5;27;cb451ce6-d442-4f8a-b550-9d4292cc3373;101;0;10;1;60;0;ELECTRICITY;0;1;0;0;
Wed Jul 31 18:44:14 CEST 2013;101;273;5;28;cb451ce6-d442-4f8a-b550-9d4292cc3373;101;0;10;1;60;0;ELECTRICITY;0;1;0;0;
Wed Jul 31 18:44:24 CEST 2013;101;274;5;28;cb451ce6-d442-4f8a-b550-9d4292cc3373;101;0;10;1;60;0;ELECTRICITY;0;1;0;0;
Wed Jul 31 18:44:34 CEST 2013;101;275;5;30;cb451ce6-d442-4f8a-b550-9d4292cc3373;101;0;10;1;60;0;ELECTRICITY;0;1;0;0;
Wed Jul 31 18:44:44 CEST 2013;101;276;5;27;cb451ce6-d442-4f8a-b550-9d4292cc3373;101;0;10;1;60;0;ELECTRICITY;0;1;0;0;
Wed Jul 31 18:44:54 CEST 2013;101;277;5;28;cb451ce6-d442-4f8a-b550-9d4292cc3373;101;0;10;1;60;0;ELECTRICITY;0;1;0;0;
Wed Jul 31 18:45:04 CEST 2013;101;278;5;27;cb451ce6-d442-4f8a-b550-9d4292cc3373;101;0;10;1;60;0;ELECTRICITY;0;1;0;0;
Wed Jul 31 18:45:14 CEST 2013;101;279;5;27;cb451ce6-d442-4f8a-b550-9d4292cc3373;101;0;10;1;60;0;ELECTRICITY;0;1;0;0;
Wed Jul 31 18:45:24 CEST 2013;101;280;5;28;cb451ce6-d442-4f8a-b550-9d4292cc3373;101;0;10;1;60;0;ELECTRICITY;0;1;0;0;
Wed Jul 31 18:45:34 CEST 2013;101;281;5;28;cb451ce6-d442-4f8a-b550-9d4292cc3373;101;0;10;1;60;0;ELECTRICITY;0;1;0;0;
Wed Jul 31 18:45:44 CEST 2013;101;282;5;30;cb451ce6-d442-4f8a-b550-9d4292cc3373;101;0;10;1;60;0;ELECTRICITY;0;1;0;0;
Wed Jul 31 18:45:54 CEST 2013;101;283;5;28;cb451ce6-d442-4f8a-b550-9d4292cc3373;101;0;10;1;60;0;ELECTRICITY;0;1;0;0;
Wed Jul 31 18:46:04 CEST 2013;101;284;5;27;cb451ce6-d442-4f8a-b550-9d4292cc3373;101;0;10;1;60;0;ELECTRICITY;0;1;0;0;
Wed Jul 31 18:46:14 CEST 2013;101;285;5;28;cb451ce6-d442-4f8a-b550-9d4292cc3373;101;0;10;1;60;0;ELECTRICITY;0;1;0;0;
Wed Jul 31 18:46:24 CEST 2013;101;286;5;27;cb451ce6-d442-4f8a-b550-9d4292cc3373;101;0;10;1;60;0;ELECTRICITY;0;1;0;0;
Wed Jul 31 18:46:34 CEST 2013;101;287;5;28;cb451ce6-d442-4f8a-b550-9d4292cc3373;101;0;10;1;60;0;ELECTRICITY;0;1;0;0;
Wed Jul 31 18:46:44 CEST 2013;101;288;5;28;cb451ce6-d442-4f8a-b550-9d4292cc3373;101;0;10;1;60;0;ELECTRICITY;0;1;0;0;
Wed Jul 31 18:46:54 CEST 2013;101;289;5;30;cb451ce6-d442-4f8a-b550-9d4292cc3373;101;0;10;1;60;0;ELECTRICITY;0;1;0;0;
Wed Jul 31 18:47:04 CEST 2013;101;290;5;27;cb451ce6-d442-4f8a-b550-9d4292cc3373;101;0;10;1;60;0;ELECTRICITY;0;1;0;0;
Wed Jul 31 18:47:14 CEST 2013;101;291;5;27;cb451ce6-d442-4f8a-b550-9d4292cc3373;101;0;10;1;60;0;ELECTRICITY;0;1;0;0;
Wed Jul 31 18:47:24 CEST 2013;101;292;5;27;cb451ce6-d442-4f8a-b550-9d4292cc3373;101;0;10;1;60;0;ELECTRICITY;0;1;0;0;
Wed Jul 31 18:47:34 CEST 2013;101;293;5;27;cb451ce6-d442-4f8a-b550-9d4292cc3373;101;0;10;1;60;0;ELECTRICITY;0;1;0;0;
Wed Jul 31 18:47:44 CEST 2013;101;294;5;27;cb451ce6-d442-4f8a-b550-9d4292cc3373;101;0;10;1;60;0;ELECTRICITY;0;1;0;0;
Wed Jul 31 18:47:54 CEST 2013;101;295;5;27;cb451ce6-d442-4f8a-b550-9d4292cc3373;101;0;10;1;60;0;ELECTRICITY;0;1;0;0;
Wed Jul 31 18:48:04 CEST 2013;101;296;5;30;cb451ce6-d442-4f8a-b550-9d4292cc3373;101;0;10;1;60;0;ELECTRICITY;0;1;0;0;
Wed Jul 31 18:48:14 CEST 2013;101;297;5;27;cb451ce6-d442-4f8a-b550-9d4292cc3373;101;0;10;1;60;0;ELECTRICITY;0;1;0;0;
Wed Jul 31 18:48:24 CEST 2013;101;298;5;27;cb451ce6-d442-4f8a-b550-9d4292cc3373;101;0;10;1;60;0;ELECTRICITY;0;1;0;0;
Wed Jul 31 18:48:34 CEST 2013;101;299;5;27;cb451ce6-d442-4f8a-b550-9d4292cc3373;101;0;10;1;60;0;ELECTRICITY;0;1;0;0;
Wed Jul 31 18:48:44 CEST 2013;101;300;5;27;cb451ce6-d442-4f8a-b550-9d4292cc3373;101;0;10;1;60;0;ELECTRICITY;0;1;0;0;
Wed Jul 31 18:48:54 CEST 2013;101;301;5;27;cb451ce6-d442-4f8a-b550-9d4292cc3373;101;0;10;1;60;0;ELECTRICITY;0;1;0;0;
Wed Jul 31 18:49:04 CEST 2013;101;302;5;27;cb451ce6-d442-4f8a-b550-9d4292cc3373;101;0;10;1;60;0;ELECTRICITY;0;1;0;0;
Wed Jul 31 18:49:14 CEST 2013;101;303;5;30;cb451ce6-d442-4f8a-b550-9d4292cc3373;101;0;10;1;60;0;ELECTRICITY;0;1;0;0;
Wed Jul 31 18:49:24 CEST 2013;101;304;5;27;cb451ce6-d442-4f8a-b550-9d4292cc3373;101;0;10;1;60;0;ELECTRICITY;0;1;0;0;
Wed Jul 31 18:49:34 CEST 2013;101;305;5;27;cb451ce6-d442-4f8a-b550-9d4292cc3373;101;0;10;1;60;0;ELECTRICITY;0;1;0;0;
Wed Jul 31 18:49:44 CEST 2013;101;306;5;27;cb451ce6-d442-4f8a-b550-9d4292cc3373;101;0;10;1;60;0;ELECTRICITY;0;1;0;0;
Wed Jul 31 18:49:54 CEST 2013;101;307;5;27;cb451ce6-d442-4f8a-b550-9d4292cc3373;101;0;10;1;60;0;ELECTRICITY;0;1;0;0;
Wed Jul 31 18:50:04 CEST 2013;101;308;5;27;cb451ce6-d442-4f8a-b550-9d4292cc3373;101;0;10;1;60;0;ELECTRICITY;0;1;0;0;
Wed Jul 31 18:50:14 CEST 2013;101;309;5;28;cb451ce6-d442-4f8a-b550-9d4292cc3373;101;0;10;1;60;0;ELECTRICITY;0;1;0;0;
Wed Jul 31 18:50:24 CEST 2013;101;310;5;28;cb451ce6-d442-4f8a-b550-9d4292cc3373;101;0;10;1;60;0;ELECTRICITY;0;1;0;0;
Wed Jul 31 18:50:34 CEST 2013;101;311;5;29;cb451ce6-d442-4f8a-b550-9d4292cc3373;101;0;10;1;60;0;ELECTRICITY;0;1;0;0;
Wed Jul 31 18:50:44 CEST 2013;101;312;5;27;cb451ce6-d442-4f8a-b550-9d4292cc3373;101;0;10;1;60;0;ELECTRICITY;0;1;0;0;
Wed Jul 31 18:50:54 CEST 2013;101;313;5;27;cb451ce6-d442-4f8a-b550-9d4292cc3373;101;0;10;1;60;0;ELECTRICITY;0;1;0;0;
Wed Jul 31 18:51:04 CEST 2013;101;314;5;27;cb451ce6-d442-4f8a-b550-9d4292cc3373;101;0;10;1;60;0;ELECTRICITY;0;1;0;0;
Wed Jul 31 18:51:14 CEST 2013;101;315;5;27;cb451ce6-d442-4f8a-b550-9d4292cc3373;101;0;10;1;60;0;ELECTRICITY;0;1;0;0;
Wed Jul 31 18:51:24 CEST 2013;101;316;5;27;cb451ce6-d442-4f8a-b550-9d4292cc3373;101;0;10;1;60;0;ELECTRICITY;0;1;0;0;
Wed Jul 31 18:51:34 CEST 2013;101;317;5;28;cb451ce6-d442-4f8a-b550-9d4292cc3373;101;0;10;1;60;0;ELECTRICITY;0;1;0;0;
Wed Jul 31 18:51:44 CEST 2013;101;318;5;30;cb451ce6-d442-4f8a-b550-9d4292cc3373;101;0;10;1;60;0;ELECTRICITY;0;1;0;0;
Wed Jul 31 18:51:54 CEST 2013;101;319;5;27;cb451ce6-d442-4f8a-b550-9d4292cc3373;101;0;10;1;60;0;ELECTRICITY;0;1;0;0;
Wed Jul 31 18:52:04 CEST 2013;101;320;5;27;cb451ce6-d442-4f8a-b550-9d4292cc3373;101;0;10;1;60;0;ELECTRICITY;0;1;0;0;
Wed Jul 31 18:52:14 CEST 2013;101;321;5;27;cb451ce6-d442-4f8a-b550-9d4292cc3373;101;0;10;1;60;0;ELECTRICITY;0;1;0;0;
Wed Jul 31 18:52:24 CEST 2013;101;322;5;27;cb451ce6-d442-4f8a-b550-9d4292cc3373;101;0;10;1;60;0;ELECTRICITY;0;1;0;0;
Wed Jul 31 18:52:34 CEST 2013;101;323;5;27;cb451ce6-d442-4f8a-b550-9d4292cc3373;101;0;10;1;60;0;ELECTRICITY;0;1;0;0;
Wed Jul 31 18:52:44 CEST 2013;101;324;5;27;cb451ce6-d442-4f8a-b550-9d4292cc3373;101;0;10;1;60;0;ELECTRICITY;0;1;0;0;
Wed Jul 31 18:52:54 CEST 2013;101;325;5;29;cb451ce6-d442-4f8a-b550-9d4292cc3373;101;0;10;1;60;0;ELECTRICITY;0;1;0;0;
Wed Jul 31 18:53:04 CEST 2013;101;326;5;27;cb451ce6-d442-4f8a-b550-9d4292cc3373;101;0;10;1;60;0;ELECTRICITY;0;1;0;0;
Wed Jul 31 18:53:14 CEST 2013;101;327;5;27;cb451ce6-d442-4f8a-b550-9d4292cc3373;101;0;10;1;60;0;ELECTRICITY;0;1;0;0;
Wed Jul 31 18:53:24 CEST 2013;101;328;5;27;cb451ce6-d442-4f8a-b550-9d4292cc3373;101;0;10;1;60;0;ELECTRICITY;0;1;0;0;
Wed Jul 31 18:53:34 CEST 2013;101;329;5;27;cb451ce6-d442-4f8a-b550-9d4292cc3373;101;0;10;1;60;0;ELECTRICITY;0;1;0;0;
Wed Jul 31 18:53:44 CEST 2013;101;330;5;27;cb451ce6-d442-4f8a-b550-9d4292cc3373;101;0;10;1;60;0;ELECTRICITY;0;1;0;0;
Wed Jul 31 18:53:54 CEST 2013;101;331;5;27;cb451ce6-d442-4f8a-b550-9d4292cc3373;101;0;10;1;60;0;ELECTRICITY;0;1;0;0;
Wed Jul 31 18:54:04 CEST 2013;101;332;5;30;cb451ce6-d442-4f8a-b550-9d4292cc3373;101;0;10;1;60;0;ELECTRICITY;0;1;0;0;
Wed Jul 31 18:54:14 CEST 2013;101;333;5;27;cb451ce6-d442-4f8a-b550-9d4292cc3373;101;0;10;1;60;0;ELECTRICITY;0;1;0;0;
Wed Jul 31 18:54:24 CEST 2013;101;334;5;27;cb451ce6-d442-4f8a-b550-9d4292cc3373;101;0;10;1;60;0;ELECTRICITY;0;1;0;0;
Wed Jul 31 18:54:34 CEST 2013;101;335;5;27;cb451ce6-d442-4f8a-b550-9d4292cc3373;101;0;10;1;60;0;ELECTRICITY;0;1;0;0;
Wed Jul 31 18:54:44 CEST 2013;101;336;5;27;cb451ce6-d442-4f8a-b550-9d4292cc3373;101;0;10;1;60;0;ELECTRICITY;0;1;0;0;
Wed Jul 31 18:54:54 CEST 2013;101;337;5;27;cb451ce6-d442-4f8a-b550-9d4292cc3373;101;0;10;1;60;0;ELECTRICITY;0;1;0;0;
Wed Jul 31 18:55:04 CEST 2013;101;338;5;27;cb451ce6-d442-4f8a-b550-9d4292cc3373;101;0;10;1;60;0;ELECTRICITY;0;1;0;0;
Wed Jul 31 18:55:14 CEST 2013;101;339;5;27;cb451ce6-d442-4f8a-b550-9d4292cc3373;101;0;10;1;60;0;ELECTRICITY;0;1;0;0;
Wed Jul 31 18:55:24 CEST 2013;101;340;5;28;cb451ce6-d442-4f8a-b550-9d4292cc3373;101;0;10;1;60;0;ELECTRICITY;0;1;0;0;
Wed Jul 31 18:55:34 CEST 2013;101;341;5;30;cb451ce6-d442-4f8a-b550-9d4292cc3373;101;0;10;1;60;0;ELECTRICITY;0;1;0;0;
Wed Jul 31 18:55:44 CEST 2013;101;342;5;27;cb451ce6-d442-4f8a-b550-9d4292cc3373;101;0;10;1;60;0;ELECTRICITY;0;1;0;0;
Wed Jul 31 18:55:54 CEST 2013;101;343;5;27;cb451ce6-d442-4f8a-b550-9d4292cc3373;101;0;10;1;60;0;ELECTRICITY;0;1;0;0;
Wed Jul 31 18:56:04 CEST 2013;101;344;5;27;cb451ce6-d442-4f8a-b550-9d4292cc3373;101;0;10;1;60;0;ELECTRICITY;0;1;0;0;
Wed Jul 31 18:56:14 CEST 2013;101;345;5;27;cb451ce6-d442-4f8a-b550-9d4292cc3373;101;0;10;1;60;0;ELECTRICITY;0;1;0;0;
Wed Jul 31 18:56:24 CEST 2013;101;346;5;29;cb451ce6-d442-4f8a-b550-9d4292cc3373;101;0;10;1;60;0;ELECTRICITY;0;1;0;0;
Wed Jul 31 18:56:34 CEST 2013;101;347;5;28;cb451ce6-d442-4f8a-b550-9d4292cc3373;101;0;10;1;60;0;ELECTRICITY;0;1;0;0;
Wed Jul 31 18:56:44 CEST 2013;101;348;5;30;cb451ce6-d442-4f8a-b550-9d4292cc3373;101;0;10;1;60;0;ELECTRICITY;0;1;0;0;
Wed Jul 31 18:56:54 CEST 2013;101;349;5;27;cb451ce6-d442-4f8a-b550-9d4292cc3373;101;0;10;1;60;0;ELECTRICITY;0;1;0;0;
Wed Jul 31 18:57:04 CEST 2013;101;350;5;27;cb451ce6-d442-4f8a-b550-9d4292cc3373;101;0;10;1;60;0;ELECTRICITY;0;1;0;0;
Wed Jul 31 18:57:14 CEST 2013;101;351;5;27;cb451ce6-d442-4f8a-b550-9d4292cc3373;101;0;10;1;60;0;ELECTRICITY;0;1;0;0;
Wed Jul 31 18:57:24 CEST 2013;101;352;5;27;cb451ce6-d442-4f8a-b550-9d4292cc3373;101;0;10;1;60;0;ELECTRICITY;0;1;0;0;
Wed Jul 31 18:57:34 CEST 2013;101;353;5;27;cb451ce6-d442-4f8a-b550-9d4292cc3373;101;0;10;1;60;0;ELECTRICITY;0;1;0;0;
Wed Jul 31 18:57:44 CEST 2013;101;354;5;28;cb451ce6-d442-4f8a-b550-9d4292cc3373;101;0;10;1;60;0;ELECTRICITY;0;1;0;0;
Wed Jul 31 18:57:54 CEST 2013;101;355;5;30;cb451ce6-d442-4f8a-b550-9d4292cc3373;101;0;10;1;60;0;ELECTRICITY;0;1;0;0;
Wed Jul 31 18:58:04 CEST 2013;101;356;5;28;cb451ce6-d442-4f8a-b550-9d4292cc3373;101;0;10;1;60;0;ELECTRICITY;0;1;0;0;
Wed Jul 31 18:58:14 CEST 2013;101;357;5;27;cb451ce6-d442-4f8a-b550-9d4292cc3373;101;0;10;1;60;0;ELECTRICITY;0;1;0;0;
Wed Jul 31 18:58:24 CEST 2013;101;358;5;27;cb451ce6-d442-4f8a-b550-9d4292cc3373;101;0;10;1;60;0;ELECTRICITY;0;1;0;0;
Wed Jul 31 18:58:34 CEST 2013;101;359;5;28;cb451ce6-d442-4f8a-b550-9d4292cc3373;101;0;10;1;60;0;ELECTRICITY;0;1;0;0;
Wed Jul 31 18:58:44 CEST 2013;101;360;5;27;cb451ce6-d442-4f8a-b550-9d4292cc3373;101;0;10;1;60;0;ELECTRICITY;0;1;0;0;
Wed Jul 31 18:58:54 CEST 2013;101;361;5;27;cb451ce6-d442-4f8a-b550-9d4292cc3373;101;0;10;1;60;0;ELECTRICITY;0;1;0;0;
Wed Jul 31 18:59:04 CEST 2013;101;362;5;30;cb451ce6-d442-4f8a-b550-9d4292cc3373;101;0;10;1;60;0;ELECTRICITY;0;1;0;0;
Wed Jul 31 18:59:14 CEST 2013;101;363;5;27;cb451ce6-d442-4f8a-b550-9d4292cc3373;101;0;10;1;60;0;ELECTRICITY;0;1;0;0;
Wed Jul 31 18:59:24 CEST 2013;101;364;5;27;cb451ce6-d442-4f8a-b550-9d4292cc3373;101;0;10;1;60;0;ELECTRICITY;0;1;0;0;
Wed Jul 31 18:59:34 CEST 2013;101;365;5;27;cb451ce6-d442-4f8a-b550-9d4292cc3373;101;0;10;1;60;0;ELECTRICITY;0;1;0;0;
Wed Jul 31 18:59:44 CEST 2013;101;366;5;28;cb451ce6-d442-4f8a-b550-9d4292cc3373;101;0;10;1;60;0;ELECTRICITY;0;1;0;0;
Wed Jul 31 18:59:54 CEST 2013;101;367;5;27;cb451ce6-d442-4f8a-b550-9d4292cc3373;101;0;10;1;60;0;ELECTRICITY;0;1;0;0;
Wed Jul 31 19:00:04 CEST 2013;101;368;5;27;cb451ce6-d442-4f8a-b550-9d4292cc3373;101;0;10;1;60;0;ELECTRICITY;0;1;0;0;
Wed Jul 31 19:00:14 CEST 2013;101;369;5;30;cb451ce6-d442-4f8a-b550-9d4292cc3373;101;0;10;1;60;0;ELECTRICITY;0;1;0;0;
Wed Jul 31 19:00:24 CEST 2013;101;370;5;27;cb451ce6-d442-4f8a-b550-9d4292cc3373;101;0;10;1;60;0;ELECTRICITY;0;1;0;0;
Wed Jul 31 19:00:34 CEST 2013;101;371;5;27;cb451ce6-d442-4f8a-b550-9d4292cc3373;101;0;10;1;60;0;ELECTRICITY;0;1;0;0;
Wed Jul 31 19:00:44 CEST 2013;101;372;5;27;cb451ce6-d442-4f8a-b550-9d4292cc3373;101;0;10;1;60;0;ELECTRICITY;0;1;0;0;
Wed Jul 31 19:00:54 CEST 2013;101;373;5;27;cb451ce6-d442-4f8a-b550-9d4292cc3373;101;0;10;1;60;0;ELECTRICITY;0;1;0;0;
Wed Jul 31 19:01:04 CEST 2013;101;374;5;27;cb451ce6-d442-4f8a-b550-9d4292cc3373;101;0;10;1;60;0;ELECTRICITY;0;1;0;0;
Wed Jul 31 19:01:14 CEST 2013;101;375;5;28;cb451ce6-d442-4f8a-b550-9d4292cc3373;101;0;10;1;60;0;ELECTRICITY;0;1;0;0;
Wed Jul 31 19:01:24 CEST 2013;101;376;5;29;cb451ce6-d442-4f8a-b550-9d4292cc3373;101;0;10;1;60;0;ELECTRICITY;0;1;0;0;
Wed Jul 31 19:01:34 CEST 2013;101;377;5;28;cb451ce6-d442-4f8a-b550-9d4292cc3373;101;0;10;1;60;0;ELECTRICITY;0;1;0;0;
Wed Jul 31 19:01:44 CEST 2013;101;378;5;27;cb451ce6-d442-4f8a-b550-9d4292cc3373;101;0;10;1;60;0;ELECTRICITY;0;1;0;0;
Wed Jul 31 19:01:54 CEST 2013;101;379;5;27;cb451ce6-d442-4f8a-b550-9d4292cc3373;101;0;10;1;60;0;ELECTRICITY;0;1;0;0;
Wed Jul 31 19:02:04 CEST 2013;101;380;5;28;cb451ce6-d442-4f8a-b550-9d4292cc3373;101;0;10;1;60;0;ELECTRICITY;0;1;0;0;
Wed Jul 31 19:02:14 CEST 2013;101;381;5;27;cb451ce6-d442-4f8a-b550-9d4292cc3373;101;0;10;1;60;0;ELECTRICITY;0;1;0;0;
Wed Jul 31 19:02:24 CEST 2013;101;382;5;28;cb451ce6-d442-4f8a-b550-9d4292cc3373;101;0;10;1;60;0;ELECTRICITY;0;1;0;0;
Wed Jul 31 19:02:34 CEST 2013;101;383;5;28;cb451ce6-d442-4f8a-b550-9d4292cc3373;101;0;10;1;60;0;ELECTRICITY;0;1;0;0;
Wed Jul 31 19:02:44 CEST 2013;101;384;5;30;cb451ce6-d442-4f8a-b550-9d4292cc3373;101;0;10;1;60;0;ELECTRICITY;0;1;0;0;
Wed Jul 31 19:02:54 CEST 2013;101;385;5;30;cb451ce6-d442-4f8a-b550-9d4292cc3373;101;0;10;1;60;0;ELECTRICITY;0;1;0;0;
Wed Jul 31 19:03:04 CEST 2013;101;386;5;27;cb451ce6-d442-4f8a-b550-9d4292cc3373;101;0;10;1;60;0;ELECTRICITY;0;1;0;0;
Wed Jul 31 19:03:14 CEST 2013;101;387;5;28;cb451ce6-d442-4f8a-b550-9d4292cc3373;101;0;10;1;60;0;ELECTRICITY;0;1;0;0;
Wed Jul 31 19:03:24 CEST 2013;101;388;5;27;cb451ce6-d442-4f8a-b550-9d4292cc3373;101;0;10;1;60;0;ELECTRICITY;0;1;0;0;
Wed Jul 31 19:03:34 CEST 2013;101;389;5;27;cb451ce6-d442-4f8a-b550-9d4292cc3373;101;0;10;1;60;0;ELECTRICITY;0;1;0;0;
Wed Jul 31 19:03:44 CEST 2013;101;390;5;27;cb451ce6-d442-4f8a-b550-9d4292cc3373;101;0;10;1;60;0;ELECTRICITY;0;1;0;0;
Wed Jul 31 19:03:54 CEST 2013;101;391;5;30;cb451ce6-d442-4f8a-b550-9d4292cc3373;101;0;10;1;60;0;ELECTRICITY;0;1;0;0;
Wed Jul 31 19:04:04 CEST 2013;101;392;5;27;cb451ce6-d442-4f8a-b550-9d4292cc3373;101;0;10;1;60;0;ELECTRICITY;0;1;0;0;
Wed Jul 31 19:04:14 CEST 2013;101;393;5;27;cb451ce6-d442-4f8a-b550-9d4292cc3373;101;0;10;1;60;0;ELECTRICITY;0;1;0;0;
Wed Jul 31 19:04:24 CEST 2013;101;394;5;27;cb451ce6-d442-4f8a-b550-9d4292cc3373;101;0;10;1;60;0;ELECTRICITY;0;1;0;0;
Wed Jul 31 19:04:34 CEST 2013;101;395;5;28;cb451ce6-d442-4f8a-b550-9d4292cc3373;101;0;10;1;60;0;ELECTRICITY;0;1;0;0;
Wed Jul 31 19:04:44 CEST 2013;101;396;5;27;cb451ce6-d442-4f8a-b550-9d4292cc3373;101;0;10;1;60;0;ELECTRICITY;0;1;0;0;
Wed Jul 31 19:04:54 CEST 2013;101;397;5;27;cb451ce6-d442-4f8a-b550-9d4292cc3373;101;0;10;1;60;0;ELECTRICITY;0;1;0;0;
Wed Jul 31 19:05:04 CEST 2013;101;398;5;30;cb451ce6-d442-4f8a-b550-9d4292cc3373;101;0;10;1;60;0;ELECTRICITY;0;1;0;0;
Wed Jul 31 19:05:14 CEST 2013;101;399;5;27;cb451ce6-d442-4f8a-b550-9d4292cc3373;101;0;10;1;60;0;ELECTRICITY;0;1;0;0;
Wed Jul 31 19:05:24 CEST 2013;101;400;5;27;cb451ce6-d442-4f8a-b550-9d4292cc3373;101;0;10;1;60;0;ELECTRICITY;0;1;0;0;
Wed Jul 31 19:05:34 CEST 2013;101;401;5;27;cb451ce6-d442-4f8a-b550-9d4292cc3373;101;0;10;1;60;0;ELECTRICITY;0;1;0;0;
Wed Jul 31 19:05:44 CEST 2013;101;402;5;27;cb451ce6-d442-4f8a-b550-9d4292cc3373;101;0;10;1;60;0;ELECTRICITY;0;1;0;0;
Wed Jul 31 19:05:54 CEST 2013;101;403;5;27;cb451ce6-d442-4f8a-b550-9d4292cc3373;101;0;10;1;60;0;ELECTRICITY;0;1;0;0;
Wed Jul 31 19:06:04 CEST 2013;101;404;5;27;cb451ce6-d442-4f8a-b550-9d4292cc3373;101;0;10;1;60;0;ELECTRICITY;0;1;0;0;
Wed Jul 31 19:06:14 CEST 2013;101;405;5;30;cb451ce6-d442-4f8a-b550-9d4292cc3373;101;0;10;1;60;0;ELECTRICITY;0;1;0;0;
Wed Jul 31 19:06:24 CEST 2013;101;406;5;27;cb451ce6-d442-4f8a-b550-9d4292cc3373;101;0;10;1;60;0;ELECTRICITY;0;1;0;0;
Wed Jul 31 19:06:34 CEST 2013;101;407;5;28;cb451ce6-d442-4f8a-b550-9d4292cc3373;101;0;10;1;60;0;ELECTRICITY;0;1;0;0;
Wed Jul 31 19:06:44 CEST 2013;101;408;5;30;cb451ce6-d442-4f8a-b550-9d4292cc3373;101;0;10;1;60;0;ELECTRICITY;0;1;0;0;
Wed Jul 31 19:06:54 CEST 2013;101;409;5;27;cb451ce6-d442-4f8a-b550-9d4292cc3373;101;0;10;1;60;0;ELECTRICITY;0;1;0;0;
Wed Jul 31 19:07:04 CEST 2013;101;410;5;27;cb451ce6-d442-4f8a-b550-9d4292cc3373;101;0;10;1;60;0;ELECTRICITY;0;1;0;0;
Wed Jul 31 19:07:14 CEST 2013;101;411;5;27;cb451ce6-d442-4f8a-b550-9d4292cc3373;101;0;10;1;60;0;ELECTRICITY;0;1;0;0;
Wed Jul 31 19:07:24 CEST 2013;101;412;5;31;cb451ce6-d442-4f8a-b550-9d4292cc3373;101;0;10;1;60;0;ELECTRICITY;0;1;0;0;
Wed Jul 31 19:07:34 CEST 2013;101;413;5;28;cb451ce6-d442-4f8a-b550-9d4292cc3373;101;0;10;1;60;0;ELECTRICITY;0;1;0;0;
Wed Jul 31 19:07:44 CEST 2013;101;414;5;27;cb451ce6-d442-4f8a-b550-9d4292cc3373;101;0;10;1;60;0;ELECTRICITY;0;1;0;0;
Wed Jul 31 19:07:54 CEST 2013;101;415;5;27;cb451ce6-d442-4f8a-b550-9d4292cc3373;101;0;10;1;60;0;ELECTRICITY;0;1;0;0;
Wed Jul 31 19:08:04 CEST 2013;101;416;5;27;cb451ce6-d442-4f8a-b550-9d4292cc3373;101;0;10;1;60;0;ELECTRICITY;0;1;0;0;
Wed Jul 31 19:08:14 CEST 2013;101;417;5;28;cb451ce6-d442-4f8a-b550-9d4292cc3373;101;0;10;1;60;0;ELECTRICITY;0;1;0;0;
Wed Jul 31 19:08:24 CEST 2013;101;418;5;28;cb451ce6-d442-4f8a-b550-9d4292cc3373;101;0;10;1;60;0;ELECTRICITY;0;1;0;0;
Wed Jul 31 19:08:34 CEST 2013;101;419;5;31;cb451ce6-d442-4f8a-b550-9d4292cc3373;101;0;10;1;60;0;ELECTRICITY;0;1;0;0;
